current_stock_level,unit_price_aed,avg_sales_past_week,sales_trend_std,is_promotion_active,upcoming_holiday_weekend,target_demand_next_7d
112,2734.3322743704566,70.60916049772744,4.832386590342393,1,0,100
445,1163.088259191419,53.776277226952914,6.885677209756932,0,0,55
358,2894.031328645819,66.80761970894983,5.566134734151783,0,0,62
280,313.4040973504401,89.52030419430817,7.816469781856617,0,0,87
116,2076.706836184566,46.841284212324375,18.37863704105124,0,0,51
81,1506.7514193479396,90.61187420564879,11.927138771847869,0,0,73
198,1193.5639760941588,76.31355635675722,15.025646049165482,1,0,108
30,1916.5000423083727,51.41746795840855,10.312265486408858,0,0,44
112,2126.378420321277,62.30610288750655,1.5483003533863662,0,0,53
131,62.871645468411806,35.930207589306086,2.2197142339584723,0,1,71
476,542.5116118042363,98.44174347518354,11.22053759408983,0,1,172
224,2153.48584937124,68.39836048978762,14.656991661580488,0,0,69
340,2015.8369700557091,9.16545098717984,5.091280023045899,0,0,10
468,2899.840140129598,36.02908104606083,14.716281905853776,0,0,30
97,2295.06148123981,64.21487120711046,16.402649696186735,0,0,58
382,2854.7794878074474,10.35166139092778,8.826052088880113,0,0,12
109,2122.4944795276806,7.268998175318563,15.181965424037994,1,0,12
369,929.2540154863573,47.752302755141244,8.676569056240737,0,0,45
161,360.8265206400266,36.60556707080365,13.88866195964538,0,0,35
140,2356.38039686756,46.63836776315076,15.515943937071318,0,0,51
159,1950.240203353952,29.95586443860049,19.846605747854106,0,0,28
318,192.14873656022388,20.648185959583188,7.5625365792083254,1,0,28
267,1112.148874407886,70.46861891313208,8.809774830917618,1,0,99
353,2872.559455678644,53.88425604544105,4.146781128793255,0,1,95
423,1526.1833798450937,24.01465006868985,4.877388109634331,0,0,20
303,1326.5509512581286,35.360995494699836,14.174505049369177,0,0,35
395,1400.2138352199172,61.22175122801596,18.423866212935046,1,0,98
201,666.2040358152329,11.861788085885395,8.49749408156357,0,0,12
453,1137.6861540511459,19.008035880287057,4.417044489875284,0,0,16
286,1140.949105162171,11.958332390202061,6.416890488276887,0,0,12
170,204.4473095530436,82.17014660784129,9.645982391354634,1,0,130
469,2314.3245041278587,76.47887715514088,6.522356257942,0,0,63
323,1278.688074116443,76.56472852852943,5.438002579315459,0,0,63
31,2475.430666108449,73.05090763022267,14.983705286384511,0,0,69
262,2558.5266033036914,68.59161524863757,1.1490535035718406,1,0,95
245,675.3824613610412,50.31423196092662,11.24538001939318,0,0,59
354,1989.1927724018792,66.01642553317592,16.081569333565323,1,0,101
58,1443.2313222807961,8.64434770485759,6.058337440031896,0,1,15
484,2646.462376868381,64.03912015239453,12.462538701628329,0,0,69
68,686.4350035705396,78.89838202600333,13.709102006753739,1,0,114
179,2049.5489409146303,52.53404423651707,13.445469231696709,1,0,71
485,1842.8687606455317,38.96376620058751,9.471143049775636,0,0,35
197,921.1393588369067,31.355539806093017,7.584981769639805,0,0,33
473,452.9726657709592,66.06619476539782,16.882557387528458,0,0,54
280,1972.337293407966,70.81611386984133,15.410473182997421,0,0,64
199,2228.8625014903755,87.74192198694155,7.1038482948643376,0,0,78
455,981.1006641018824,37.52173783379412,2.9573646944019156,0,0,33
184,1952.2561818658257,78.12836920163063,2.364343363463915,0,1,146
455,1215.6361774539346,58.32880329798711,2.791243580079785,0,0,66
60,2153.9603056837223,88.86946661441752,12.074517862648813,0,0,97
373,637.6850609374567,55.14215028808397,1.981581340750804,0,0,58
64,2676.1342577767145,54.17483369780689,7.40161062431673,0,0,63
253,897.8583095734602,59.898322736886364,15.310794336370357,0,0,49
329,1134.968663880651,76.18495873853126,6.592615163792184,0,0,66
140,221.37125863703187,96.64559548870379,15.502853466422467,0,0,93
494,378.96102634776537,11.988518650497737,15.163873725934051,0,0,11
316,1571.792613001368,10.07628722714663,5.67071552003111,0,0,10
144,839.3983963475159,94.06728205369716,14.847621421762163,0,0,83
30,2514.666665939473,55.33818442422958,15.207756127169914,0,0,48
338,93.34549653211383,63.41578638385893,8.55162458767351,0,0,64
176,1168.3274435822118,50.83024215149924,4.9979891910888465,0,0,60
283,1045.1693629688234,13.897457997710077,10.904145330945513,0,0,13
397,107.01651120692306,77.96849094977333,18.50655417200373,1,1,165
98,416.88677705150513,75.98634128341575,13.152717916209177,0,0,82
325,1270.245891009974,34.61181554181714,4.285527454917963,1,0,49
23,1503.9505241199677,34.09272829669804,13.972381569936879,0,0,31
251,1242.6547544018638,84.59493118602425,9.116857518354857,0,0,79
274,1616.2661513156768,11.873939485426028,12.239047149752087,0,0,13
355,1805.6384409717605,88.70498909387375,14.94721666543905,0,1,171
62,79.27527232711512,29.38286054011187,10.783999678774451,1,0,45
395,1419.0807203878364,61.33355103677192,16.465695516892865,0,0,57
349,2892.3227606183855,93.91944700516889,14.720956007015928,0,0,87
101,1581.1452263821686,69.4216376459814,12.686393460351702,0,0,59
376,2048.749689003912,44.370832184368474,3.8650635008146783,0,0,52
453,969.9983808548054,70.50574984601444,16.883033107319797,0,1,131
464,2333.2745655506496,37.678065450055165,18.782206121076506,0,0,31
437,2330.1183715345396,31.33954955317268,3.6023373523766016,1,1,74
273,1587.8233405797098,99.68491140379457,10.276581459235182,0,0,98
440,2929.2407786736803,76.32507196207983,5.918886097439585,0,0,91
44,420.37313354982746,66.24839785127267,15.335942841085728,0,0,75
215,99.99561142426393,38.752516105835284,14.7109630840893,0,1,65
90,2321.9667246834333,9.670278769729574,3.676817290837575,0,0,11
429,2431.1088352264037,7.950403223339784,17.663518153971104,1,0,12
59,404.6113259056999,57.64721926763589,4.438488215582043,0,0,50
369,833.4693572278879,77.39310849870985,16.147921487314044,0,0,84
397,101.77947193155529,56.05102309216623,9.682626832932092,1,0,85
11,915.2604018026658,84.87458183421589,7.237173577604874,0,0,69
399,2330.768528060081,8.175520643856055,4.006545990810057,0,0,9
63,1577.983556752108,39.84144726046431,4.184670866785958,0,0,42
115,1076.8819998464498,27.521687161546915,13.575920539317107,1,1,59
269,1146.6309199736743,47.490931974926596,11.45817737099529,0,1,83
319,53.993195860631054,11.875757353441635,3.3196230113734213,0,0,12
486,934.4115563174458,95.6425059492519,3.1412593483281785,0,0,82
200,1957.053287831895,26.209263101589286,2.3739009206830377,0,0,30
411,2923.8736092582535,92.61923867094056,15.131579600097337,0,0,75
227,2548.8294396025035,45.45984972848477,14.525759619356494,0,0,38
53,119.60514570431093,98.62479265924571,2.1101888262369277,0,0,83
171,2700.753783790776,57.63554642872002,11.645131436342487,1,0,87
211,2360.4353192309463,93.4291220967017,2.608846949611108,0,0,98
455,2352.109564534392,5.50815392595117,18.171169641569893,0,0,5
493,1401.087489060536,76.0826865871855,18.235230964422517,1,0,108
279,1224.1156142157834,90.78981204473897,14.266426806449472,0,0,102
360,943.6014000579182,18.273453863000636,18.59758950734955,1,0,24
313,243.79983391537903,14.131955914554391,16.41760757786012,0,0,13
280,723.2943223064124,45.33439768266578,16.74223294261394,0,0,37
465,777.4807231851727,93.69949608262884,11.824449160828731,0,0,75
471,1478.0273556450948,56.52672321809168,6.815124766107342,0,0,53
224,2254.9609994602474,55.10836405356456,5.13818318721201,0,0,48
261,1447.7389937739424,18.406981238435577,7.216800418739655,0,0,17
199,220.64112586912378,5.075003553855785,12.94141317169218,0,0,6
305,2875.4799129152016,81.96330862081882,4.280474180815579,0,0,71
222,2831.0367413276313,13.31958348369263,5.914164496109111,0,0,15
217,2366.309152287805,65.21573277985578,9.893156393113824,0,0,70
246,2974.4173096144505,91.88856317894319,5.427951871967696,0,0,86
347,1656.2228817607756,24.821931750050947,12.18422972460517,0,0,25
376,2890.166633246958,68.20091944250652,18.54034454067027,0,0,67
62,273.0348698194148,12.476364787213399,15.213697948359403,0,0,11
289,1128.7582073710453,62.356738664573236,13.662105668829348,0,0,73
419,714.8747406199592,20.573513490554262,12.071708043691796,0,0,21
226,627.7075981960966,74.91558824894192,10.271010275884233,0,0,86
261,465.36869923339447,33.61697300542128,4.544713333058534,1,0,55
197,1886.12024261969,49.02214583644139,17.999498653110447,0,0,41
389,2354.89947445455,61.94590149262406,5.72218403824389,0,0,55
50,1755.980278290064,21.27097401329276,2.734868673985054,1,0,29
166,483.53999328521854,75.45559276867398,15.25028840534521,0,0,85
24,2442.815121303739,33.750832360497384,4.336695152292162,0,0,39
310,1926.066386132999,67.92532669171158,8.066023991282345,0,0,69
74,1195.0888330746368,20.036889816440496,1.5374136375286147,0,0,17
354,2038.6843718313858,70.37117762460328,3.6042909082685135,0,1,116
336,816.7196887663569,17.177866916993864,4.29086898443833,0,0,19
18,1068.317015057921,45.40886714564844,2.033792427253381,0,0,53
353,2756.583237239371,28.484577005193298,13.47648217583406,0,1,48
138,906.9882917306901,76.09564869567734,16.903148120259228,0,0,61
145,1436.4653910659129,29.893325428153084,8.092992720952878,0,0,28
481,2675.9163553182434,88.76314410756264,17.616953057645812,0,1,143
72,2137.777983289206,89.72292008362822,5.053584916642404,0,0,101
148,233.49951718587312,23.661924946164657,7.18241804766355,0,0,24
90,484.5439806229625,63.315364775733805,3.864002867592199,0,0,67
401,73.13269277715462,13.333175963396611,12.790624712960973,1,1,30
172,1911.219281176032,42.196024462154774,8.977522226535829,0,0,40
428,1370.636604960734,72.76556430262086,12.652383589996075,0,0,65
298,446.11081016171283,67.64520845074205,15.471823202489489,0,1,129
388,2875.905657117473,64.34656359362776,11.36835730462602,0,0,69
270,1612.4961856395787,31.84138204793214,12.92497674313397,0,0,30
499,763.585217633023,40.91237019626819,18.769755973492327,0,0,38
240,1526.7805349063872,14.779883746527187,6.682221882568019,0,0,12
50,2054.879981568568,73.30716794119209,7.824114834045109,1,0,97
37,274.9056930220152,52.869435695170985,14.636363872477402,0,0,55
144,860.3762543912813,72.33273507283718,12.614804824052348,1,0,109
210,2430.548198107781,28.649634855702914,4.392125186254582,0,1,51
337,1406.0113676878507,35.82163172033129,8.146798890199314,0,0,41
277,1662.40256899527,36.750457039710895,9.888922249369584,1,0,55
427,1326.8072065179342,7.445528925985538,8.968406921399398,0,1,13
42,179.5048307968651,37.399547918909235,4.387221358118775,1,0,51
57,538.9618504694599,81.31393448421319,18.56417174390098,0,0,92
416,1364.347834288578,90.24335709622515,15.484056472185541,0,0,93
71,667.097122953387,54.23073998541311,10.145760810049193,0,0,45
225,197.43813454605228,48.27266104582592,13.921159537829896,0,0,51
302,2538.76650895288,7.9283387764401745,18.048370770574916,0,0,8
108,2944.5179610341415,88.52441207061135,3.5873087048698533,0,0,100
181,2389.7714782903813,6.235970275457908,5.757087963432576,0,0,7
369,2568.665519028768,94.75125761997012,11.311323697876256,0,0,99
223,763.8325344352838,51.475543625368616,16.181197055694813,0,0,56
484,2883.849577763939,37.48377688959903,1.6888430133890202,0,0,31
44,630.9308281376137,92.8007513100527,19.69634485373085,0,1,169
458,2856.717940567405,7.31714434545919,9.643225454765545,0,0,8
236,2984.7169171995556,60.23536501256328,7.825391671812737,0,1,108
110,2149.5822769508436,57.14858982743707,6.561764318955666,1,0,88
440,2944.3740087858746,25.835438115081296,4.312777445366561,0,0,30
471,1730.1423497229557,45.744305978270006,16.03990426967053,0,0,40
140,815.6482603694665,66.96508056465817,19.152869130175834,0,0,56
266,1339.1378627135816,74.07746370378311,8.859250342062566,1,0,117
14,1801.0047593674185,5.068101577125079,19.095993200315668,0,1,10
227,265.59060797969425,94.00107585864646,16.65215469326565,0,0,107
264,1885.912630620876,20.629910377317177,10.139971422050047,0,0,22
407,2944.474618448769,27.190141251124125,13.806497403396522,0,0,31
368,610.8175668619965,30.029977340915583,9.264699404238796,0,0,32
292,2388.1555930507307,8.592912972443354,11.615744756038495,1,0,11
402,2728.3014416498772,16.68995174108087,2.1028804033515724,1,0,27
216,2833.9196988196513,98.70324267969539,14.22900603071013,0,0,86
24,2882.400032996069,34.94559005084217,2.0036682451985977,0,0,31
355,1588.3059342283423,15.953603582209688,16.52461399147334,1,1,36
51,2933.058328574936,15.164169811589215,16.67399165975059,0,0,14
389,2284.0651110465947,73.34869692864733,5.504468463568077,0,0,68
470,526.9307368990376,86.18402308310088,7.149592839680205,0,0,75
188,1456.8553140805116,29.410468453304638,10.144897192607573,0,0,27
72,2169.076967347412,6.986403671847322,12.336595231717148,0,0,6
361,779.6539316662959,26.193551752308803,6.459719573097938,1,0,39
240,1939.8147914692177,10.368990625691946,12.257241688006575,0,0,11
250,2016.4714131875267,14.822518979853944,6.657954391356679,0,0,17
61,529.9642442352693,45.99327138552602,2.054323700350153,0,0,52
105,1717.0016717356311,26.842245231855095,1.04802344680627,0,0,26
397,2326.2993873868927,54.014858459915224,2.9218701004501435,0,0,59
231,1521.7422103810286,29.081906559433087,16.052763303116347,0,0,27
494,85.70419448951691,94.35104360478003,19.267194935283406,0,0,78
416,76.66348378391191,91.06467695299513,9.112357786343166,1,0,143
240,1103.236564711536,58.846579975994274,10.740995115548913,0,1,109
246,2782.272501873757,38.67027923880168,3.7901152123950963,1,0,63
152,724.5964998306458,41.20895379329988,11.469595700922984,0,0,43
180,1921.3728821714772,44.125966898727214,3.74844313813256,0,0,38
38,705.1238185452956,74.12003560281968,12.61307229277777,0,0,85
45,998.9264694956685,47.9057045742896,18.731914684036223,0,0,50
22,2551.724164324378,86.38934491806025,4.718272246757753,0,1,166
169,2200.1412546963434,94.68900466338464,15.526710643084938,0,0,105
336,331.42786807397135,36.914884570998716,1.4465460335481568,0,0,34
196,1314.6709619099793,58.26597573068961,8.134447585110799,0,0,48
252,136.05080275353018,14.030370999093622,3.1042216487796717,0,0,12
95,1468.6259324788766,24.044559537804105,7.697033390318289,0,0,20
293,2004.1803345181509,44.27924783746521,4.297201473138786,0,0,40
75,399.5827396145471,24.589258010668992,8.092794812334862,0,0,24
179,902.2105697820388,88.27324662492816,8.932933316043076,0,0,103
54,1223.6180452313629,20.037194325614315,6.711231332837449,0,0,23
71,2762.6165227353467,48.28777804754374,13.475817039989453,0,0,53
450,2980.102295497744,62.54142784368819,18.458188973919285,0,0,51
143,182.48833203706678,70.72707127528022,8.611312108000174,0,0,66
293,2294.9733743114066,41.39159012401814,4.6545199730254065,0,0,44
37,1146.5859958869125,87.5644115288492,6.143732405723684,0,0,75
117,1207.751649376966,58.99031935240293,17.22601564643101,1,1,143
53,2275.0816713737167,46.75323914251742,11.86115474213281,0,0,55
349,2759.3579748289553,11.387860234943478,9.645209613832188,1,0,16
295,2855.239353782518,49.145499502290676,3.8430977086696076,0,0,53
455,1752.5116288130464,82.96990487749437,9.544818858151856,1,0,113
340,1103.5074199364833,63.38139673102497,6.2913480637903465,0,0,68
137,2373.2698032833987,84.05543310426624,18.920099429213636,0,0,68
357,790.4540806237858,51.93110870693403,17.797332078898894,0,0,45
482,1714.0183850588774,16.253861983975774,2.594148294735762,0,0,18
240,1107.8064614983757,6.295785354408702,10.816416295963615,1,0,10
199,1987.0616674382345,33.80585693826616,5.276108564778769,0,0,36
234,759.1767930358453,71.30909479229028,8.80476470096152,1,0,106
394,615.199189917736,80.07469087446091,17.660111966777674,0,0,86
386,2758.8053056925396,33.09651928893129,11.022775877882351,0,0,37
292,350.32086470113387,52.08712248390847,7.350090574044437,0,0,62
455,1542.5758278180483,45.00629592123775,4.949878727994944,1,0,75
130,701.5157097408763,43.999664513385646,16.206172328723298,0,0,49
125,164.84339181071897,26.978127754014295,12.865842291922595,0,0,29
470,156.25551395970786,17.955254977798546,9.893243748098392,0,0,18
242,566.9042277121906,23.685413031965247,5.132202723396583,0,0,20
268,2606.9725457927007,10.256576780517879,7.350681108985495,1,0,14
368,883.3122947322287,23.82242047323982,19.23702510803185,0,0,27
207,2853.854553197122,5.8740852744110486,10.881708814510851,0,0,7
465,1765.785764318121,64.58954806041794,8.613286343621805,0,0,68
420,1338.0118598178599,35.05566370182987,10.907018804618154,0,0,34
146,1761.2620622748912,97.44874758555632,15.800781612092564,0,0,79
327,1574.26023641749,23.4031198237483,7.462069793554507,0,0,22
174,2288.3899485841093,37.85371417941142,4.395416297719568,0,0,37
234,883.3633946199142,38.99491007094566,12.113786248441908,0,0,39
316,1091.498655220892,5.802892125933751,13.638877966140276,0,0,7
243,2687.5781924730895,84.7247555387486,14.541642056212442,0,0,71
181,2842.046713793696,8.039473713710848,17.757764224556464,1,0,12
161,2683.0467710851,94.31708429927794,8.052308293093148,1,0,136
472,1287.371582174075,89.74706335389396,2.431743028348944,0,0,107
324,2352.078233870301,55.874582028166536,19.208623088987903,0,0,64
383,1455.1904132382415,56.64157961657275,9.265226621312028,0,0,55
169,1517.7425638310015,67.10890268083486,12.841892683789496,0,0,81
105,653.8063217189876,41.76975113381426,13.659801139437553,0,0,42
481,1793.8343946126236,66.48611692279627,11.383760465322867,0,0,58
242,599.1008983723764,9.252996925406253,4.899893064989132,0,1,17
189,1028.1158622482217,10.134524598224024,15.347717952206688,0,0,9
122,2572.339094778809,48.43688986385671,16.27128751177755,1,0,75
327,660.8736371720229,57.21411860507332,11.506536134331355,0,0,67
451,259.9169412616268,89.34267583190281,10.28266205111199,0,0,100
61,253.5723982078081,14.942760221250145,3.164825479431721,0,1,26
277,2825.314335484168,83.15155308341949,2.595081568495893,0,0,76
304,1545.415291987412,24.95449704274661,7.451732065707046,0,0,21
395,1257.765611860204,42.437946608453025,6.906076954830472,0,0,39
396,2442.0918139733594,35.077231308604226,19.119472568302154,0,0,29
122,2515.6864873360223,43.014750922212905,15.888832106425166,0,0,43
110,1029.9635476910335,19.29707231689563,13.538561609922139,0,0,21
122,2096.173269547696,52.83915706833772,10.835313691334497,0,0,58
449,2324.8123067630654,81.15604603397989,4.179983083806375,1,0,107
90,1981.2195262545658,46.94573098599521,19.590676771501393,0,0,44
196,497.20547066029314,51.60828971032891,8.12577326656399,0,0,47
122,2633.855096375318,85.63292060172485,3.031586446497651,0,0,72
11,1640.3289305712258,72.07552089061292,10.382179018599176,0,0,68
139,883.2936577915109,51.59316880937955,17.605962220648582,1,0,73
229,1304.4231470411971,29.481086577972068,17.85852903376926,0,0,31
63,160.8347166767768,89.06804095027184,1.2083524050724979,0,0,103
352,427.2070636061318,59.816938160603044,17.839619150276594,0,0,59
494,2308.3629140217895,26.00902296051587,6.158200132497312,0,0,29
233,50.034322528330115,30.566376500610986,1.7404749154000383,1,1,66
234,1278.869194022762,81.29764344894336,17.10801513689461,0,1,159
394,1591.405034202486,9.19382839830827,17.41346836377596,0,0,8
412,211.17153900286826,99.24875776773791,12.32839051700465,1,0,137
135,2920.580580768382,17.38340957290522,11.91424138863081,0,0,15
139,717.0697271865322,80.62650991270905,16.44928517980697,0,1,139
62,947.3862229270286,42.503655093309874,15.939881501495316,0,0,43
181,946.6304111523307,51.760537412309354,17.91200399541138,0,0,62
227,729.7291532461822,88.6618048591349,11.502201504337366,0,0,99
169,54.347775154618674,44.226563010975255,19.385294761923365,0,0,42
207,2201.5671425595892,56.06190659895728,19.92678978773343,0,0,58
425,2902.194224407892,9.683467928871146,3.214347589974019,1,0,15
256,711.6657756908829,5.22301001740805,17.141331431528318,0,0,6
333,2005.9892158200962,28.25598793516396,10.496622897223192,0,0,31
448,2238.5941645282096,69.6553938272829,8.36376042769681,0,1,127
212,2552.854868317048,16.520164869117988,12.648373887771585,1,1,39
193,1296.756131190147,15.807386086432196,2.0633455879781337,0,0,17
132,943.6461716392663,44.04125776341081,10.622761256574519,1,0,60
410,1009.6206453679418,66.54451866778152,17.546920830506668,0,0,59
264,2152.232932640613,72.6468392635534,5.055768806640407,1,0,114
303,2459.4994261916263,21.952814039345604,9.101408000619077,0,0,25
289,585.7612048819778,12.560874000344032,18.850136866582634,0,0,12
334,1144.2759740654074,94.3377182248267,9.142712918308249,0,0,112
381,2710.723580409993,29.763306343399663,7.808985014315568,0,0,26
107,2429.7458830994806,86.06791727282877,9.370196314344186,0,0,83
207,2955.3322881493036,87.03168779396773,10.86960256383357,0,0,83
479,2275.0323660621384,78.38964621744172,13.007835538497908,0,0,92
404,1209.9258430323707,21.03919263199416,16.213163217417893,1,0,30
249,1792.3816102841813,83.07113862914903,9.58994190952197,0,0,82
153,1999.9920500295948,78.07880312795074,16.532137766712665,0,0,68
106,281.4446581355156,61.68868406009062,11.140692565689532,0,0,62
210,1656.266029356402,37.03419334105051,7.431129696991576,0,1,72
133,2142.496443994198,29.93831740532169,13.50106573426887,1,0,43
196,543.597846803128,16.579475147634103,14.636722840126335,0,0,19
335,2352.8635664053936,53.426921355582785,11.602930536960264,0,0,62
473,1772.1297025166293,60.59978317343542,2.0756844895597446,0,0,50
358,2859.054267807904,39.13720409899979,4.227774628055673,1,0,63
268,175.1457797103305,50.15911142968251,6.420656696914336,1,0,70
157,832.7121057886276,39.533873450080335,6.369886513078369,0,0,34
261,1824.583943934481,65.89557544546662,13.79499520469054,0,0,69
452,924.8517410074955,90.61962474067352,1.348624571799019,0,0,98
429,2157.5512840101646,20.572424894459765,15.357953763940877,0,0,20
412,2289.0655834396966,41.23383694079673,6.04150702133173,0,0,34
355,352.42209399609965,18.382517375331823,6.890415078105946,0,0,21
460,1565.8706694099649,64.36965818874404,11.030286730934561,0,0,70
156,1551.227138993615,74.2426984014166,5.102586417840193,0,0,67
157,1139.3782721358461,93.5317095967583,17.804954957935024,0,0,93
361,2802.128344580533,31.492832994791666,2.62200680720474,0,0,26
208,2491.1436436260024,95.27006455721586,9.443264883720232,0,0,89
317,2106.7676766334284,11.009953822964107,17.13902311964291,0,0,11
498,2157.263575418243,62.286317019635874,12.70103399400348,0,0,63
426,1412.0626242487012,10.427608337616348,6.554260801010035,0,0,9
433,2766.933837234899,89.90854783738476,8.994443947752753,1,0,145
137,2099.0565103971917,55.331860421655136,14.427193226507779,0,0,51
48,2200.4941318846586,68.58809332246562,19.491954123914088,0,0,71
347,2591.9881661726686,83.99952296149299,17.969635649209238,1,0,118
369,858.5111885594634,19.27950913597703,7.506223359265158,0,0,19
138,2430.859166406774,8.666198384122715,19.965759706469292,1,0,12
276,625.9597787216516,88.49370886172096,1.0665886070901072,0,0,93
485,1068.7587591224192,34.91865660859858,1.5249653603598867,0,1,62
450,1040.050840096036,17.252996253080703,16.652969788252683,0,0,14
482,2936.6501317479647,49.50381752327322,4.789791049827988,0,0,40
443,2576.7848100563842,61.83907719112179,2.1546160995285764,0,0,61
160,2118.4510916912664,7.942207325138462,5.505813391493542,0,0,7
424,2194.8174467654007,31.115087534423335,9.095902925636343,1,0,48
487,1708.1147434875847,8.11598805630512,14.880759138234692,0,0,8
307,2843.9174679701314,44.9318619735724,12.862375004472904,0,0,48
108,1513.9633210029665,90.03450276129321,5.514803133647988,0,0,106
272,1172.527244116189,98.35197909188908,10.562138513911103,0,0,99
261,530.9542439481934,65.51951758284461,18.598068002572806,0,0,73
153,2369.306674170121,20.355580909536222,16.485147762691398,0,0,22
355,2216.6095996229947,91.05569204993405,7.140605911804075,0,0,106
121,1183.847363646198,54.04354320400574,19.66302666575823,0,0,48
69,124.32057117972661,19.60618464977722,14.463787608267488,0,1,38
378,2525.0421167681316,92.56403359790784,2.186537757668854,0,0,108
11,83.68305118951722,76.95955981869479,1.668053552484135,0,0,74
394,2125.9143499057004,74.51200090869939,4.199751031190569,0,0,69
313,2912.2584736918684,72.37216686046844,14.829261492952789,0,0,85
263,1341.1009180372002,24.03228300416202,4.49103959100613,0,0,25
149,743.1715447380607,25.045635712214978,10.718248614967838,0,0,24
462,2129.369479627976,70.38783485058923,2.771942283435803,0,1,135
46,2460.5280189459763,25.873661260487705,18.496836998773706,0,0,24
169,1661.9694324296495,46.67381119628964,7.535251658087784,0,0,41
18,2902.754062005631,79.29017343142444,18.254509074651985,0,0,81
242,202.42272889098524,79.47548921929489,18.95263719630034,0,0,82
108,1539.147014998358,48.05986838995666,1.116444298959935,1,0,78
156,2169.439144601523,80.25804413614829,9.818568556775908,0,0,79
313,2594.789389890078,84.6690706388154,1.4684650584309649,0,0,95
217,578.8040551279806,67.20369637200471,18.26516255975521,0,0,62
140,2410.01027120286,26.700455969299917,10.849743349956942,1,0,41
413,1680.4858733697085,31.031119136627016,2.4239362412714396,0,0,27
161,1219.8333618703914,34.90990976382986,3.0952578372547705,0,0,33
63,438.559334308326,16.09639023472544,8.286671465362042,0,0,18
129,2602.622488781292,30.950163935144786,18.8644496645849,0,0,27
170,513.9559641301603,24.90432630969055,14.165273879793537,0,0,28
417,963.8741846668428,48.2562312318172,17.484758457593514,0,0,44
125,905.6343192891887,91.30156704786516,7.962676280459613,0,0,74
84,2620.67140086302,14.925630091626017,1.821060291449968,1,0,20
122,2034.4738329162492,73.42545277500258,19.512035106883868,0,0,81
465,2400.210121714548,70.29188541924714,1.3262868225850215,0,0,64
429,788.8803014378719,14.096648873018978,19.005381408540693,0,0,15
431,1893.3785938406468,92.64437846605101,8.00487105313375,0,0,100
113,1736.6506502740585,59.00485920489786,1.191717695415749,1,0,85
349,2506.8496115253997,39.55392450789,14.093987402765658,0,0,39
263,2722.9568284197185,76.87116543205413,19.630265776595728,0,0,74
236,85.86247585829108,29.449718548155236,19.34688873391426,1,1,73
121,2038.3587612234383,70.88343451940044,4.0578032128459505,0,0,66
482,202.9156074032006,8.772564719363487,4.443708315256945,0,1,15
108,1669.1330619782,84.74376357288084,11.745239377773542,0,1,148
162,898.5165506788506,47.576230467025255,13.108791702138165,1,0,75
358,954.9909685903166,65.48582686400447,15.048940359651446,1,0,103
411,1091.227585184452,26.017592881634947,4.439956848970803,0,0,30
393,1882.81272469635,69.32200270255255,19.221134648524256,0,0,80
375,1035.4473987228691,78.36282620986128,13.13604586949552,1,0,111
347,2211.462199241327,49.95525275401788,17.093891458540543,0,0,49
203,1243.3557874429157,63.68405778587046,11.261248590399264,1,0,102
319,251.64194091437793,48.35096276312786,8.871260104207769,0,0,56
172,2362.091535328116,89.93868007949533,19.566475225304924,0,0,84
217,892.9870575484827,52.29757214886032,12.060306045576885,0,0,51
454,1326.6622948178247,84.9718273577378,17.470598073184398,0,0,99
178,2072.0594555046096,81.12844553567362,19.112555530959508,0,0,77
493,1030.7456635887006,43.99795802809387,13.831737913164526,1,0,66
170,216.9276856328111,26.85802672646013,11.429834891854824,0,0,31
77,1153.0670886878002,43.57780259317824,1.0667061673023617,1,0,71
298,2836.123318948195,83.49065069864591,1.760373174041114,0,0,75
407,1943.1164720307468,26.625090902842274,4.81617310497121,0,0,25
286,2030.8634885682604,54.82145285648619,4.53416020526391,1,0,79
313,1915.2323532310375,81.57919105627101,5.8404171087970616,0,0,95
413,637.0268099303386,38.58036013719599,6.793758116255556,0,0,46
393,1284.0848991017265,66.00991551525625,7.841244377463837,0,0,73
401,2265.2724051717887,28.33499953463738,8.990216111308655,0,0,28
144,349.0500477818195,15.381547309975193,2.878460430664279,0,0,12
204,869.6656894646512,80.46650138382135,1.8048767071028586,1,0,127
410,865.1413699742682,14.402019223827148,13.804944532387445,1,0,21
137,1324.4558364037928,30.781232532560537,11.209361672018476,0,0,32
42,2942.0877857794458,86.2353950897568,9.438739842182272,0,0,90
185,249.13251271727472,37.91458227247338,13.054358882198695,0,0,38
469,1580.1679334227554,97.4393082038453,16.725908736867268,0,0,115
452,579.1258119360208,98.07476180351668,9.126165273207887,0,1,158
380,2913.4958089587453,30.486221943087887,13.181269835987608,1,0,48
479,384.2453389460194,8.892931113739593,19.117872252868015,0,0,9
384,1240.6229569666941,71.98101199951101,16.952865421369655,0,0,78
31,2226.7607052620883,47.843717751592656,9.09401539954578,1,0,75
247,2128.4355626809634,14.571520176159748,13.249619918480116,0,0,12
167,1297.0494788371002,72.21466780291406,4.364347516402855,1,0,102
47,1072.246295460519,7.961616365632516,11.649921513006708,0,0,7
239,1222.9565167309681,87.668685596763,19.645237531630414,0,0,76
374,829.6149763179859,18.171990265763853,10.847987188847924,1,1,43
60,655.7321691850594,17.094628480938873,18.6251276846128,0,0,15
447,1474.9671077987255,21.68886830701553,8.739363489561953,1,0,32
273,842.1745803994417,96.22530405674632,19.97805171650799,1,0,135
292,898.0119114468878,70.85108922411537,12.005180669323599,0,0,73
36,1987.4303872499434,81.13029586904548,1.8031108904827566,0,0,88
235,2907.185128514682,42.77532364461154,12.148341137136374,0,0,40
286,1830.7297416501565,36.94970911297078,6.216881217912336,1,1,87
295,277.0894278416505,27.275980644401145,1.6171451186819996,0,0,31
106,272.97166086949755,50.661562689678846,16.596212789198603,0,0,42
293,2856.69850149442,57.42372968574601,6.238863102634363,0,0,62
376,927.0078314066342,65.01861014701177,16.13442252688347,0,0,60
457,321.59760894330253,29.42625787987598,6.476134076161473,1,0,40
490,1817.1815320936255,95.12213768578411,4.692200723601712,1,0,144
462,1889.763895956285,21.127057329677903,19.504775907984122,1,0,29
326,1963.08921935013,96.73705160280917,7.8712612273453715,0,0,109
313,838.8359821797468,6.41133163821286,12.426148017420049,0,0,5
156,94.57651843270135,50.706940722600336,12.589648363474959,0,0,43
13,2896.795339890692,36.66994462107347,11.648996161296534,0,0,37
44,790.1344847887524,47.66672432337383,18.379219126903077,0,0,49
201,2044.2775497550151,59.21313500317496,13.814380355970501,1,0,94
58,2134.5581161421933,46.38097001120736,8.670927077993674,1,0,65
26,1849.5218803844828,44.41045077865152,17.385227305961205,1,0,73
181,973.0768129302622,74.60872446426413,4.4401950832033235,1,0,125
229,849.733948603994,70.15824613321413,11.340498394597931,1,0,105
167,1813.1214339729743,84.16077179340554,19.06045706693137,0,0,93
486,2604.9821191544897,28.74610321775208,12.882554967727842,1,0,43
55,2842.864500324017,62.905208426636044,16.52240055902265,0,0,52
382,362.422122991085,60.59350461232112,13.417653785358665,0,0,56
15,506.74440716327354,40.12509203290543,16.948046407219916,0,0,34
108,2836.9719634100848,51.175466480754686,18.945269717059627,0,0,61
389,2222.778923587638,34.809303614044225,6.185512823121999,0,0,31
242,2654.8317832478306,18.475217773613593,4.2235605438776584,0,0,19
46,647.7662706992623,25.31111501295962,10.195824256318259,0,1,43
289,1783.3783197727355,15.023796408114103,14.335386109660101,1,0,23
358,2118.361803531547,69.8916096430618,5.316633810462106,1,0,97
311,2056.3300620685695,67.76910234536939,1.0779275581731744,0,0,76
190,1254.0474880567594,95.30760530008791,7.515767200897401,0,0,80
104,95.41493048936,74.31944929648792,19.408327373887982,0,0,86
108,1769.6318675725763,9.944354681832486,14.204381751511088,0,0,11
197,796.6495405798458,89.00329152325065,8.625183434883255,0,0,95
490,1378.2500261215264,86.95414047984394,4.6589458495899665,1,0,115
125,2874.863994497261,47.11543047340638,7.765703801340193,0,0,42
200,1227.1541870451824,60.656989800152544,4.226949232723712,0,0,69
262,2527.414739660059,97.72744158488929,3.019810604946077,0,1,161
478,606.1947869602908,55.568914565575795,18.228105078878524,0,0,48
425,2033.758469173835,91.00557369572853,19.955356429134,0,0,93
480,2932.1705155948835,12.888681991967712,4.118174352320016,0,0,12
170,350.58464757516356,23.14992752732487,2.035928618687315,1,0,32
265,74.54382957021643,46.87171962692519,7.264891035778034,0,0,48
332,1329.0692382662123,60.55189679204395,9.77152443446689,0,0,57
137,323.24517500153325,82.54164592696603,4.891603694441235,0,0,71
27,2257.7338315448824,98.88490093860275,6.72707332417261,0,0,100
290,2747.918558353249,41.94089216504106,4.816543978141496,0,0,40
499,1330.3618694908387,9.50448543330807,15.710950800216574,0,0,10
232,813.1993443585508,81.11129281305585,14.538980921697954,0,0,68
63,1331.4897910694988,62.41616831286677,13.064078799458652,0,0,65
67,2184.171062657503,23.86157159247916,8.357139284504889,0,0,23
332,76.70977666209438,52.00870337903491,18.271777884970483,0,0,50
369,1788.8892689798568,75.51947332570381,19.42111828916538,0,0,67
183,1859.2104704177682,78.18911977152116,4.299146939882828,0,0,64
289,1931.1803283430097,52.46374913988239,5.237240186825683,0,0,60
123,763.9651359435878,33.99538036224162,10.986989532007023,0,0,32
297,2156.455533965474,97.50554529365688,2.7337608163626603,0,0,105
440,319.6048846787404,68.01944804086682,9.292519577639144,0,0,80
351,637.8474925770624,43.78256433789838,12.054034030776492,0,1,80
160,2638.5366376307215,31.64400629944198,10.919397851609329,0,0,30
459,2229.2332946433708,74.4547833853384,7.287263078482495,0,0,68
136,90.54938433346848,28.007427331407932,11.30647031546693,1,0,47
164,782.7099680909106,21.312448952500375,19.21721813091811,0,0,23
499,682.4991248298354,55.33421945139668,4.9143306815361445,1,0,87
395,848.8786677090691,32.548802301193476,13.441795809486068,1,0,48
483,780.3013223256648,64.74598876774343,1.8245371889649853,1,0,106
282,234.45257244139492,16.204174113052183,2.261911685147264,0,0,18
113,1403.87452396062,67.21940493389555,11.484736260248116,0,0,61
426,2211.563750619187,31.91317015978171,2.99384442623104,0,0,33
402,1839.8585879164375,5.023078771278709,1.4245889801102893,0,0,5
308,2034.9714223643355,17.058925479046756,4.2587469553124215,0,0,14
255,289.3900766819055,93.69346089433394,11.732134248991914,1,0,152
185,2856.897595021522,87.39869071595899,14.363478135859715,0,0,74
48,2523.5509098369234,27.1928580434425,4.84709271868622,0,0,27
486,2425.016439562205,78.94533093182166,13.696929306955315,0,0,74
179,2477.802224873214,62.814301351527554,4.467050290885357,0,0,59
256,2801.495998991646,97.2359475877376,12.655691105993885,0,0,96
35,1655.5492000354081,40.49253765573562,8.827233918020177,0,0,49
364,640.8319527094964,69.73875818913127,13.422190677338719,0,1,123
315,1869.5116431649965,11.035893630272266,19.906002297105697,0,0,10
418,2241.50040632042,42.643497947558565,18.818522339418678,1,0,66
417,2226.8563103943748,96.56267781287714,1.081353398885969,1,0,135
22,1588.2746212922964,56.203183072761455,17.82333652288381,0,0,47
325,251.95322203405527,32.34855281681023,2.263325108320564,1,0,43
400,1144.783168368877,16.42574149721765,19.107885137037055,0,0,13
322,2766.261494966904,71.83519231724539,6.3546879028940095,0,0,70
45,1774.1242837844068,66.26132412582405,8.258661777814147,0,0,64
182,1638.0792326043547,40.524177792358586,2.7411258983388294,0,0,35
29,843.1178674274709,95.33942842725426,3.133182408249282,0,0,106
330,1136.9243137539079,7.10926723384578,14.808070739357072,0,0,6
273,2691.2709630018494,33.85376590502345,18.94231247921754,0,0,39
409,2016.0659902041655,92.50160119846024,12.60422140413188,0,0,96
151,2372.791728919382,35.488866640346835,14.60115029500941,0,1,57
469,1390.3189980495827,28.964019216241187,15.477425147345917,0,0,34
380,1909.2292973956658,55.7509389434685,5.993471216505893,0,0,51
480,782.7316457924622,83.2611662424511,1.8593629874840836,1,0,123
152,2131.1094493362843,14.7989422834443,1.035582134464203,0,0,14
101,1311.4239344248451,94.58696741634493,7.662336376126355,0,0,103
363,1355.5092687034994,80.53192371221058,5.587820335785105,0,0,80
331,1965.500857501801,22.218774277397433,2.184036775934527,0,0,19
297,2812.0278333333335,72.64075631382545,4.411037557379668,0,0,61
224,238.81872249543173,41.57107865056793,3.365479067091008,0,0,45
456,2482.9925501736725,43.217994417250274,18.382689231730037,0,0,39
351,912.5301757159697,79.41255878169231,3.6650770557242094,0,0,68
60,1359.5623907938145,96.46455675816955,11.215320815765905,0,1,174
162,114.64431988627642,17.032307920483426,12.269013147131126,0,0,19
195,938.0859296112235,44.959872503487844,11.32629969646404,1,0,63
72,1532.762165758885,50.689452768008834,2.8820722501037714,0,0,46
199,215.71942817494508,40.74962261072477,7.057168873260473,0,0,46
134,1498.7324016803373,39.50296675304138,1.9741363167999122,0,1,66
159,2784.976355132361,9.96552341835167,8.517728367830005,1,0,15
323,360.9099934180254,70.12616895344921,4.583379694160248,0,0,83
67,2305.1001478227377,46.44036962640431,11.671018132403216,0,0,53
351,1258.5296074591784,23.505411251173044,14.16335948313291,0,0,19
314,1982.7624578467971,82.5231827186965,11.110277343889424,0,0,77
189,817.6979640564266,81.24327107440465,9.25049723561652,1,0,110
179,520.502174497007,51.20720466844491,8.359334996277155,0,0,60
335,523.3647121001179,33.352812809037246,16.99214359384307,0,0,40
280,257.9512396472767,65.61880895066298,5.1679932362401315,1,0,91
63,597.6577794586669,32.37445289885329,14.950148451048507,1,0,51
453,2009.4471857174565,27.420753380752643,15.39216417006226,0,0,31
110,2650.9873049383486,74.39889213250103,8.964800138143955,0,0,66
490,2451.6707724939274,8.830897773490317,6.648711385287148,0,0,8
273,2071.146214129728,14.003004748286425,9.94028823487353,0,0,11
62,375.77399706275287,5.644876532241029,2.7710645919612715,1,0,8
69,903.102966573052,19.529602715165485,1.8726706123527097,0,0,23
117,963.9302822012835,11.554050827493649,3.1204607895859438,0,0,13
14,787.3729918729827,99.60122493909226,4.555755597782297,0,0,85
112,1569.2666961436832,32.43694714563851,10.579359586422818,0,0,29
205,1629.883753895034,19.18046120357849,17.13359608706132,0,0,18
271,1102.8136267547752,27.894644509612206,5.477204307994053,0,0,31
374,1093.6780182724863,93.93192929631279,18.768078204188782,0,0,98
489,2494.23901382294,54.41522118731759,19.143250269765065,0,0,55
381,2378.4139025430727,39.657719149246404,19.2191874920589,1,0,61
359,957.9977034581997,87.97218850137584,16.91369195885015,0,0,74
56,2745.675909426115,42.524075702158086,7.912675775156691,0,0,42
364,2860.804300157393,36.8258141459811,2.380994309049838,0,0,44
320,1013.8904989886205,24.691839642224878,11.807555903563403,0,0,21
433,1095.5535989395119,40.89069827139409,11.61494743480744,0,0,41
317,1541.6207525947787,35.08501382160797,17.149539575082315,0,0,32
153,2826.306396974337,69.34387613332339,19.923829967975998,0,0,70
278,2635.142327769819,32.510356943719074,10.654988824642803,0,0,33
379,352.5754896215899,59.83397591014334,7.558876589755901,0,0,62
133,1208.5556926506779,11.259755678037408,4.532132519569073,0,0,13
115,1682.445009761827,23.172469886168866,1.091196671530044,1,0,34
167,1534.2407940270432,43.703500803078136,10.673160157288704,0,0,44
156,621.8960504138333,94.01017912132606,11.55485466734932,1,1,198
154,2583.5094749460563,40.83893864299106,16.67383111653055,1,0,66
129,2046.9753098406702,68.08704151398425,10.586962389963212,0,0,62
328,2521.8297058128205,29.233286130032823,18.412898624655075,0,0,33
284,2583.354624080943,17.068189717457013,12.933586054857274,0,0,15
101,2257.6497683139323,10.560977007604762,16.966388526200582,0,1,17
67,1345.6712736866662,34.01428236156138,3.817732961347195,0,0,29
448,1851.1129272955025,19.977797545706256,17.251386475743978,0,0,24
355,523.0779480532423,21.5309925615318,13.827733234433119,0,0,20
238,2037.2539815509776,77.27213429676026,4.23442761632828,0,0,65
483,578.7971044308782,6.50461673976305,4.605507604774207,0,0,6
126,2097.1512920049627,57.99196194486627,18.603511761840206,0,0,54
327,727.3145742242076,41.04883115637916,1.6120918485570845,0,0,33
288,396.7763354431489,53.12224999131198,9.788163922618416,0,0,53
136,537.5892459217243,58.46887253538728,6.956030508747929,0,0,52
402,55.87679889625729,34.76993097344143,13.636471359970134,0,0,35
405,2170.2818726679143,33.0353417175071,16.952958363810847,0,0,28
138,2210.5830947222184,74.67317568681604,7.847184309574821,0,0,73
67,1569.0533822441155,87.77131387150993,9.111139659133906,0,0,91
131,526.0202631133819,23.29525508356015,19.65643790552687,0,0,19
10,296.48529565653473,14.273782250839151,15.894413683904853,1,0,21
248,106.43045098999667,90.29060160724246,18.04687848770404,1,0,128
299,538.9571220474011,38.240069046502875,9.336482192380965,0,0,34
105,2678.023828200283,57.37515211296734,5.447447875698189,0,1,106
135,762.5336830199612,39.15659872940033,8.825405842342583,0,0,41
127,1095.1004152907863,16.951221952874874,14.605746438798757,0,0,18
57,360.7691792199329,60.98650627003416,3.079177691883607,0,0,53
98,705.9658490071023,54.88838091811482,6.1389130067136675,0,0,50
497,1581.712483801605,24.284388123163737,1.8860821087702173,0,0,21
246,1842.8704151321751,47.92755924196639,9.2146070284245,0,0,49
382,773.7893267903227,80.71001288148635,16.721468983612652,0,0,79
394,220.30986971409575,61.09047979524968,1.468610077662205,0,0,57
281,1203.546963925826,14.20714607136451,13.831147009336155,0,0,16
198,740.8999442326857,57.06204223676783,18.71742161576105,0,0,48
496,697.6840735279158,71.76013843251076,5.5016293687124636,0,0,85
201,2881.595268004693,80.30682354917138,14.179061973825315,0,0,68
456,1868.086433480886,64.76616997025533,19.526936120903805,0,0,72
78,1692.7914073576828,19.502525631374453,19.2832831428968,0,0,18
287,1276.5365553937997,72.46646032606526,5.4636546675537225,0,0,83
358,1315.3857836189256,69.34747537774406,2.9062900110293053,0,0,58
256,1645.6697613223384,7.320553879360157,3.817368220022403,0,0,7
460,2104.4679307565166,44.1160284210731,14.338677701160702,0,1,77
85,2121.330983736397,36.63027346142546,14.789418633612236,0,0,44
163,556.4970277310763,68.59414610409613,13.810494670935782,0,1,137
153,1525.3326186260497,25.53290216953747,7.385489367102523,0,0,22
444,1265.276380350601,61.13283268255456,4.22576185540432,0,0,64
494,2618.0545504946836,91.75456637234637,12.03446074709281,0,1,166
95,1912.6858175942104,80.79122535981773,10.189928469399463,0,0,70
194,1620.8869959271462,92.53848494057038,14.847848795323765,0,1,154
294,390.41419442780625,97.95806685860555,9.385841495026808,0,0,117
471,1836.6317735040639,6.0136620655854625,7.434154199042899,0,1,11
229,395.7515217566886,64.16042125586037,6.576092969821273,0,0,55
78,1044.7593979189687,44.21974278709611,5.017936080945184,1,0,61
56,471.38379620227903,86.68617658183656,6.049181147546567,0,0,79
103,2091.617258721888,28.92239669086751,2.8017783380379258,0,0,29
247,658.4437358166501,98.19780146593223,7.590283207648901,0,0,92
455,1205.9851509046766,63.30225710665599,1.6948264348962057,0,0,62
462,2692.240593975397,80.38605321173894,4.54186309616021,0,0,70
213,652.7333310269623,13.13195751816299,15.188638447769153,0,1,23
409,1548.0249386783985,22.428499052092178,7.183910784855831,0,0,19
227,1286.8514004397648,77.0483489382493,13.696503322569534,0,0,89
483,103.4659210849027,7.088719593735743,14.62079933634827,1,0,10
441,2388.6364350397976,82.60340865990936,12.042521511910158,0,0,91
350,253.6854236280692,6.325156775731588,19.21525708594257,0,0,6
48,1449.052311882013,67.42628971082097,1.4073574658391519,0,0,67
109,1704.0009700699022,39.68392242202156,15.0344003611747,0,0,36
298,1903.8580470130319,63.092011008323915,19.216946234867752,0,0,68
263,2081.463306458233,71.1229836639658,17.383162857705845,0,0,81
231,797.1535313920095,37.5351458226989,4.189961144295253,0,0,34
366,79.43739114242565,15.256432570529377,7.20958581878291,0,0,14
32,2184.1588039469902,11.616357436085236,4.276584957652842,0,0,12
259,1630.1869680753568,60.94892214344205,12.424858912479378,0,0,54
19,2516.547224461384,54.4622586047406,14.531571657610353,0,0,58
255,2473.095670557048,75.5090958665076,7.024401617898106,0,0,63
334,2537.8121949742554,53.42487345037403,11.250624905701613,0,0,56
109,1481.0292469396434,45.13235005293352,14.127490831352706,0,0,45
299,1034.2037677187536,42.818281932441934,9.005456515609918,0,0,36
189,2385.0966976445416,7.512455746778409,17.226295078653727,0,0,8
232,1381.317633436302,36.87793416118243,15.659448770468526,1,0,55
403,591.1544793901318,97.72191496482695,2.2286453331608427,0,0,87
259,2572.173357706349,87.98777974157343,12.801380682725751,0,1,153
156,2653.5516364784244,36.29091636825068,5.471185468235243,0,0,36
451,1425.6137806135018,60.84056348130536,11.59284702867823,1,1,130
105,273.314195563873,85.49319082587192,19.180880410026358,0,0,101
266,1194.0869652549472,46.92106199125652,17.702178086492754,0,0,50
334,2420.43609541468,6.705997056264341,8.685811659187502,1,0,9
13,2710.2333842113744,12.078493872770807,6.538763308542714,1,1,29
25,650.2445903679077,53.48730852812713,5.453709143756921,0,0,50
289,247.57215547455098,97.09674068920845,11.117782525373881,1,0,149
345,2638.183836741874,70.85490651079243,3.17072061190307,0,0,65
256,1198.744569987682,11.737038186664105,11.436225154436723,0,0,13
267,1648.1948445893115,22.989283200226964,1.0253391503250482,0,0,25
485,2905.794145549739,78.27569860560075,7.153142984171052,1,1,182
393,246.36594734695743,84.93677719584325,5.178751962781044,0,0,76
169,1962.538121983682,63.680985687916134,19.45315700925486,0,0,57
484,268.61099659585784,66.22020111483258,14.817604071829601,1,0,96
349,1157.633338976176,7.692057786421541,7.643414228782516,0,0,7
161,2421.2529083206678,83.7103746602433,2.7640566440817897,0,0,78
405,1328.7430866291215,79.88614477622882,10.819211299121855,0,0,86
187,2991.6879440137036,29.60833868981798,5.055509745194804,0,0,34
172,1699.2248905924764,72.32428839672316,11.192161372068798,0,0,67
389,997.4283502760628,25.411187610374817,16.871884729398957,1,1,56
42,699.3284114190217,8.831365299893735,12.700058489926322,0,0,10
426,1084.0355761441774,24.107971546085842,13.041979971355042,0,0,28
454,1148.9731575906749,21.969743291658453,11.279575492193418,0,1,39
188,252.7053492856849,37.08605968981049,18.618047019996773,0,0,30
436,1140.2438883089808,44.75270223166852,18.70615100399146,0,0,48
110,1419.5036332307136,53.31119469228225,10.741740820397492,0,0,59
277,2182.0763691044735,50.29161817329118,6.809430255726584,0,0,41
332,1987.3519799287435,30.71408756670249,9.732153111709435,1,0,47
74,2140.858682926005,7.771213514537074,4.544600331716698,0,0,8
426,74.67286153672845,62.48465411252931,13.090541991043697,0,0,59
177,692.1188287625813,42.595758835498664,10.501754379862431,1,0,68
339,2001.9686507795766,33.37385495181722,2.962709078452318,0,1,59
52,1477.768636130254,87.35939906889867,4.755307841272692,0,0,94
53,65.67475322162053,75.94061424082518,10.11300716779101,1,0,114
294,2423.259195173876,86.48772709538201,17.86419082365831,0,0,78
406,2329.7882412064955,52.02336549768379,11.761423691990851,0,0,54
21,1667.8365308310097,17.438468952043863,13.949165003960946,0,0,19
104,246.06681104000276,71.14103643152087,7.441542445134285,0,0,85
311,2311.2193961211246,24.57700909403165,11.856816467840451,0,0,23
395,1771.9550838075236,46.91681856371309,9.500216630123282,0,0,39
262,2356.7819326159797,11.175074950144406,13.523468339840052,0,0,13
251,2267.653627567729,83.40429823018333,1.960935755501197,0,0,88
44,2418.8561122756196,16.964360899512556,10.372704108540225,0,0,20
224,1578.1237958936433,90.79426316968443,6.623859877735372,0,0,76
346,463.95732867086923,87.10190721484793,7.197516164280276,0,0,82
99,2029.9145464700816,49.135362621728376,19.257431199603168,0,0,42
273,1880.3976659033133,75.71497940887912,4.471201441516273,0,0,86
102,2239.646902237307,63.84728201272456,6.913659798993342,0,0,74
419,551.1489678496691,81.29218602208576,10.687958938886563,0,0,81
467,625.1768397058532,46.02148457466164,17.39751201484285,0,0,40
99,2676.708075797019,79.65180600321325,8.916731580921038,0,1,131
427,2262.434505433609,48.93339762118906,15.13344033687525,1,1,114
124,2729.2740416659526,94.39174984506542,17.271107866081245,0,0,95
114,2288.210197433566,51.20534957838902,6.8903107606151295,0,0,55
400,1811.6081526713906,48.94883083370431,8.46225348723549,0,0,45
205,1979.6915742322274,79.58182684853371,7.774568250078769,0,0,76
323,2672.9273756230295,83.0498807172796,16.8242603637405,0,0,67
123,1757.4799258102246,57.67646586051122,1.842590377118422,0,0,60
84,1915.5544067687429,22.080792282032164,6.86000068774492,1,1,50
422,511.6063122106217,49.43703194097005,13.908762594307467,0,0,58
385,1448.067599342503,96.96688777641944,11.743426491741511,0,0,102
429,2163.371480276392,76.53368833872258,9.289497826580192,1,0,112
226,849.280960033278,82.06044736851756,11.259016317206303,0,0,74
286,646.649832547378,8.118422387827813,4.754107130738047,0,0,9
258,975.7890842620259,49.44664895024519,9.183615810552197,1,0,65
173,762.4268525788586,66.42900769746777,10.532356699350633,0,0,62
403,683.9922792573677,83.8531049446671,18.122593317137433,0,0,99
366,1303.3099864608564,9.68099709036329,5.955868093275551,1,0,15
466,2728.1236159564255,85.98169413597795,17.48874154113372,0,0,87
417,1545.825957879219,57.098088990481614,13.240586615693656,1,0,79
201,604.3651234052029,23.74482720472569,1.3864757902844187,0,0,27
236,277.0664246735785,35.1392455627215,14.767995401088479,0,0,31
186,2103.6606281568793,31.783307416398273,1.6754856734320467,0,0,29
108,1179.256355087344,55.4316082574052,19.95024140946245,0,0,49
45,2474.40129242681,9.910139591557524,17.58009706613276,0,0,9
475,1995.556767490272,20.060935057492735,6.649531203260867,0,1,40
496,2398.9122790970373,82.20583912069932,5.890813373737403,0,0,86
105,852.2408162844238,17.597379120947053,8.247380560006569,0,0,19
161,2092.4588212601216,27.172645598522063,7.767172340974417,0,0,32
160,828.9828548464704,48.070207532394946,8.074418549322239,0,1,81
199,2820.2520143783604,54.12648437076639,7.047254376270128,0,0,43
233,1927.3041305234544,77.54299556334507,12.801534730118297,0,0,81
46,1007.3098105172592,47.49658053328784,4.121009610691855,1,0,71
277,845.0599937622043,80.03713899837618,17.07364455647425,0,0,79
378,613.2334259613483,63.742899169318456,16.435647196594992,0,0,53
192,2099.1908287364968,15.744475245263134,10.053180949250137,1,0,23
22,695.2110583438855,19.851486647319668,17.201869340292404,0,0,18
288,1806.1446344860926,46.51820391772823,5.6957563305755725,0,1,80
226,830.6733294298042,42.70449234345876,1.3337436583753721,0,0,38
364,2002.8083871419124,75.63670561554298,12.764950575566637,1,0,108
370,2454.0721991945907,60.170028280748426,9.700278732329592,0,0,57
295,2345.174467276727,41.872642695213685,11.776126379621543,1,0,60
282,2294.511426245806,21.222226927786636,18.087448771349656,1,0,36
378,603.7810967921436,26.54952472092204,19.428585897752924,0,0,31
71,310.7355936043302,59.6725967545606,13.054609655356458,0,0,61
93,2111.8990440377875,45.226686465480284,15.51705620719633,0,0,54
377,1136.6242806933365,53.91811334176385,2.592360236256121,0,0,65
226,1325.4213678898745,21.214356353712198,4.053596112938607,0,0,20
351,141.88982374050363,67.97609397273375,14.930891294106555,1,1,155
406,815.7505253613951,85.99118038131687,9.195943671372037,0,1,171
196,149.34539142966887,29.504253144755555,9.473340137683708,0,1,54
28,2643.5980291736805,51.69385145402352,6.863545951073296,0,0,46
186,768.0202154946649,97.67509625698567,12.539771286077132,0,0,105
109,1694.1446502403737,36.657965352319124,4.518135862907849,0,1,62
405,164.9889959503347,61.52940276775731,12.911409306964016,0,0,58
454,2017.1998043516912,13.568591519023215,4.302178285569553,0,0,12
242,1002.9306699745769,62.5714252355471,2.2126946594845585,0,0,56
412,2698.861601525114,13.515018463938702,7.276796085282159,1,0,18
85,2669.948657355406,96.1273663557631,5.391666498187106,0,0,111
274,1009.607324167156,72.98795194686959,17.890841132570316,0,0,67
464,2707.8346422868804,79.8751798728921,2.0441156235039055,0,0,67
293,2988.6651368213975,71.88991427330551,4.355660158908334,0,0,60
215,2484.9762091656467,61.02425842726425,11.42567250607794,0,0,62
232,2542.3704758779254,47.74171420312301,10.140276626101999,0,0,57
393,784.5757715218152,86.54547107730093,1.8711883491193293,1,0,118
61,1751.2720766303812,95.899388416591,1.137796132287745,0,0,81
348,248.40494620373516,52.40843642588772,19.773290897261848,0,0,51
376,330.0079136239257,93.49582966974988,13.517859306817925,0,0,96
153,2996.733205498207,60.41662644890916,7.94271648712958,1,0,86
382,1013.5857858064372,56.14649775516115,9.938212705601584,0,0,52
78,2257.142540544097,48.175859630758886,6.064452288631452,0,0,47
108,2429.6619064291085,24.882337345361385,7.552601890170985,0,0,23
405,2581.1686494713263,5.353367777715623,13.331844878096065,1,0,9
34,2993.003477336362,27.94309155132582,17.77342417848004,1,0,37
445,762.4146315077602,53.42370130233869,4.498470438542513,0,0,48
388,169.03493923611416,41.09619546467649,16.966868602321057,0,0,46
478,1263.0149780840286,47.60609666025021,3.3095759608471123,0,0,54
493,433.7379759953935,98.16158085858471,5.084852248179433,1,0,132
62,116.15637302806262,38.27587521358612,1.7063304729432738,1,1,95
160,1113.2591400673841,47.95737923921025,3.6754253797669896,1,1,114
153,2362.0278406719476,17.68397737851786,18.42875976381696,1,0,25
66,1720.233039113959,9.555984581513826,9.729336185749194,1,0,14
48,972.6950681705445,78.66390388628699,2.4756513737887174,0,0,72
118,1980.308916203523,59.21490163183797,19.234809922740265,1,1,128
190,734.4536319109916,77.26695657417002,17.70085384741435,0,0,71
51,92.42526591265081,19.236965894222404,15.338967896494683,1,0,29
195,2304.842489987461,59.32373326235564,18.7359830470036,0,0,67
432,1890.0421003488268,29.096035062430676,5.182458995879519,0,0,28
407,2298.792742277832,26.665872605501892,16.89101656719164,0,0,25
232,164.86714922861356,6.094971335033599,14.109832730731817,0,0,6
131,2519.502902100424,17.38236873906183,17.52542574178608,0,0,18
142,1877.6022901070949,34.380470592471056,16.141319749109968,0,0,38
172,1712.0162846022884,16.10348225613921,7.583406200359675,0,0,15
224,1892.6114419378682,98.65655183903907,15.713572203327857,0,0,102
230,2600.078078261674,34.320101609775314,5.9866697567129155,0,0,33
244,1781.4626943487758,17.380774936721174,7.243251097533042,0,0,19
340,1763.803620670129,23.912819718655985,3.0502086272365467,1,1,52
155,2972.503513344009,60.83180669244027,18.766455703628907,0,0,55
248,2282.3539928522755,11.084134767154907,6.52906390460535,0,0,11
85,1354.7667260808491,86.93124236340991,10.891826838257584,0,0,100
18,2136.821150097137,96.34246952752899,8.43532389285766,0,0,99
83,1198.229891490776,28.441004963401184,19.23863429108653,0,0,34
451,725.182614326322,47.75905051613164,7.365934247831166,0,0,40
410,1810.7130368188903,7.102772847802221,15.792370607031092,0,0,7
262,2788.137189436157,65.86747134908605,17.25290693799242,0,0,64
239,2790.961584045615,44.32297551499594,9.276523452138353,0,0,46
16,1058.6205704111965,30.65555427964779,8.185264474605694,0,1,59
183,1606.6485253540002,24.649525508577806,15.207170597719932,0,0,28
150,674.3259007810906,67.13219237758224,18.34502362581845,1,1,159
177,2987.111773021706,44.54061794806987,15.343702928372528,0,0,47
179,2944.2978282104104,22.06763245784164,5.315400946245447,0,0,26
402,1966.0513426369696,70.46536274124828,17.877847201316403,0,0,67
443,2423.0214760485464,58.6818668884859,8.364051681299829,0,0,66
292,2159.545475786915,86.57384521830214,11.948358823780751,0,0,101
131,1799.8167461664311,16.160210393266826,16.79727676656151,0,0,16
203,207.3765911172482,79.63832718472334,4.579500580609352,0,0,87
14,1391.55481053035,68.9840947476396,15.90569257787351,0,0,66
38,2040.6195913938611,15.926038998669293,12.327093160302873,0,1,26
174,2048.71826095687,71.00796933781346,17.973491194724556,0,0,73
431,1150.7117243460316,46.94699244358389,4.267437635027316,0,1,79
348,2827.99136064119,94.7735546278051,8.99296250377764,1,0,141
145,543.7032450985039,18.453078308700434,16.824018764469912,0,0,21
374,1526.0603663359038,66.06917212749511,1.3654023656784433,0,0,55
330,2088.1077308249273,41.28810431897986,3.131825968547214,0,0,34
351,2106.5506273808373,95.89739370613339,19.82073904237796,0,0,100
154,1963.4849224680058,36.34761505257626,6.32748939321666,0,0,34
336,862.1002296829874,96.40766140172101,19.535320680755113,0,0,93
226,510.8093776255348,90.64115585457117,4.468099469164804,1,0,133
310,1926.023964138797,30.68640735451235,7.860794417139377,0,0,26
141,1817.9412426113413,81.33646879851064,15.304519445567841,0,0,65
301,579.1002303532608,99.58239917133307,13.497789737525391,0,0,115
79,2130.160479433162,29.002985206271823,12.041325598652056,1,0,40
261,1392.7573756142865,46.49383108571537,11.068084340295144,0,0,45
424,2019.8937452293012,54.41716997384217,17.025368429630063,0,0,65
284,2520.2328853219447,33.018457901367114,5.464022693834462,0,0,37
454,550.6988643019233,6.450159766372828,9.40694761287685,0,0,5
373,106.47736059066821,25.912278198765033,3.9535935509726885,0,0,26
191,2348.352629867571,31.784004012467054,12.322890318883383,1,0,51
176,1848.607404200217,47.14197162522778,5.760344061155084,0,0,51
100,2113.936730385259,21.254735449273177,7.34299922252433,0,0,23
211,2522.5571762164955,87.9591638857089,9.953763615847034,1,0,130
355,2418.2922577322765,71.96655760947694,1.5086411283594292,0,0,63
28,2884.7144334400327,13.094045368167889,2.7468207824959157,0,0,13
48,1631.0084826137488,66.75878285829349,14.032655193456172,0,0,71
135,1491.0621163467208,67.09736525853394,9.150429633632637,0,0,70
460,1235.5672396776538,95.84101149614463,17.431014217998012,0,0,79
182,503.3885763904034,5.286982778835318,14.19876806923979,0,0,4
150,1739.191337001966,28.553582731551685,1.1539178912991264,1,0,48
251,867.1869467616374,93.14019054065497,12.717534284575562,1,0,127
229,2767.8571610282775,93.55272196283688,2.780772455134612,0,1,161
135,1770.4128726174379,73.45570984021055,15.83773041601939,0,0,81
67,1798.8785324989249,77.7475154995163,19.83864607729154,0,0,75
157,1097.0277495871796,13.690881003316475,11.092777090588719,0,0,12
485,203.36858833423707,53.81820430393219,13.972810503688477,0,0,53
465,143.64410785031643,27.000384172454943,5.50896905700028,0,0,28
326,1298.8386752519327,22.21571414329364,9.314357131322078,0,0,22
392,299.46786538685166,81.97881341671659,17.26581131249129,1,0,137
370,1840.1985188434105,17.828622984652007,4.181036007178773,0,0,16
432,2648.8703666369893,49.521905514656595,6.04517650666148,0,1,92
10,2654.5987087302306,94.16493276067314,9.463239830434574,0,0,80
396,1994.1839598900856,22.654045278707542,14.532728945036265,0,1,40
470,673.1339028451465,97.90937525513229,8.141795141117804,1,0,156
357,2595.8406525086725,99.45735864730061,18.626913315877072,1,0,138
199,2663.975634173964,57.78362969482828,2.794683974105664,0,0,60
200,630.1280756112282,21.16356031683,8.045279753352101,0,0,18
378,2225.406953023498,35.029964354385086,14.470128345140017,0,0,29
418,895.2326693350127,45.32681910427084,5.293748547568357,0,0,46
321,2417.7889214411425,34.38580131403118,13.471849550363785,0,1,64
426,2991.851804715628,31.660380088268997,4.120122206319573,0,0,27
431,138.5767157217088,97.36182237555397,2.0636254123720414,0,0,114
126,2697.229304083249,19.569658604495835,3.2992986182243285,0,0,17
143,1886.7600741160413,74.66615132810192,18.66971087954856,0,0,63
67,2921.4787265362224,5.038977496721612,11.483266775851476,0,1,8
53,1421.7780767029615,61.637353593225804,16.13056973411333,0,0,53
182,2549.7943951855527,92.01458537563498,7.320435517195973,0,0,77
169,234.06250236491783,32.353738938855805,12.260514309823487,0,0,36
182,1039.0731977309724,22.624967649483324,10.40409054039484,0,0,23
326,247.6987863660694,66.90958051345056,18.969021228643587,0,0,64
312,2927.262243763258,72.69713369334735,15.203918085028096,1,0,122
158,2460.0730264519184,70.36289930043823,14.880309998435003,1,0,102
89,2565.014892675613,35.33510360203053,1.880712119251311,1,0,48
383,2816.997432729988,28.959228205136434,11.443723711070131,0,0,26
222,301.0552840533668,95.8122859963942,9.872837624134482,0,0,86
212,1187.5128979143335,92.7134532856433,18.629003065517697,0,0,93
261,259.5529226798063,48.44507793981793,5.889497775601113,0,0,44
238,671.8396495725844,85.38841728466548,6.126835612530792,0,1,154
173,726.6290422611335,47.97073037525812,8.815578728748507,0,0,51
236,1433.866272590357,45.316956716888484,5.624024554721145,0,0,50
156,842.2583939882456,19.892480021932993,3.4544944383662406,0,1,37
29,347.8854151123952,45.50857536673742,17.290882086365215,1,0,63
450,544.0987128276176,56.05460916698166,11.6072539636744,0,0,47
411,484.4629124786682,7.137911105725214,17.365891660174768,1,0,11
56,2920.5765538412797,47.19073549166361,16.791560542670222,0,0,42
242,2289.912895409497,79.22884074754403,6.358804741003751,0,0,66
314,2904.896322545208,69.60437535555563,11.407011442161206,0,0,70
23,1347.2344351983302,65.33991394207382,2.5811363520613386,0,0,61
152,871.1870209048369,91.40776570153423,18.38978579658441,0,0,101
424,2404.9649317671006,6.713040933396851,8.680991586237909,0,1,12
10,1012.449058221383,57.919520688262246,8.479847493891405,0,0,69
382,933.1809524307774,79.79814059892217,6.752352041741111,0,1,152
63,735.892677013102,56.426861356620385,9.752611149503373,0,0,46
383,432.5529857614943,35.77007749513602,5.783428344363513,0,0,36
268,806.5660299994596,17.943803683737897,8.122193183139286,0,0,18
153,1098.1932579979687,89.31849182253818,16.198993923112756,1,1,212
480,2038.2829140299048,49.72242727682228,16.850854568118265,0,0,50
450,234.56628454738217,88.42094371364163,6.779467074941807,0,0,88
468,670.9954720127618,60.65595163115099,9.91127418050297,0,0,57
21,2436.6197388604455,69.04825107842507,17.602575749320994,1,0,97
339,483.41967457212377,81.40480966595275,2.0007933047642457,0,0,96
233,1060.8031822414387,67.61977673701276,17.89375427791992,0,1,117
281,2600.743819481513,42.81520986449908,5.164502567394302,0,0,35
465,507.02966787315586,53.79517147322184,13.89224564007314,0,0,47
367,294.0736650736602,81.2893248442086,12.068482231307405,0,0,93
469,1479.387085486032,40.496778155433496,11.50587421559579,0,1,74
417,942.1375582716823,41.87153839300722,17.327844270303608,1,1,101
165,1712.0546752273697,14.090561025510109,2.929870729248564,0,0,16
382,2421.2244269262515,91.88552134606603,7.593532481187085,1,0,150
17,454.5880400505923,13.648449919816965,11.226802180550546,1,0,21
131,1763.0622994351406,66.5798718576128,16.414488224974754,0,0,58
357,1541.2508431500985,44.25347548626578,5.112418584821759,0,0,38
173,475.0324187389387,43.53384207426702,16.25566698611125,0,0,45
99,1890.7955323104982,69.55742447440497,8.59313116738478,1,0,101
145,857.2392326892764,11.373904599838479,4.589363272240213,0,0,12
195,1489.1112397048369,61.40204938038629,15.42074236842617,0,0,61
325,292.7033566173326,78.34301966737371,2.727079128016409,0,0,82
187,1405.772968780188,83.68021199922644,10.780580107433416,1,0,110
37,954.06723072632,21.200386992408653,2.2136398933758796,0,1,34
229,2476.0245729967955,90.2548097574265,7.771939247997964,0,0,98
366,218.0872446422364,67.33387872550702,12.42045918112146,0,0,59
50,1284.8914610090733,88.77620607796487,11.566195288257049,0,1,165
237,1402.3727011877422,51.101668125468834,8.688452940188665,0,0,52
201,2188.7679250824003,56.493167784234195,9.151911885470199,1,0,96
420,1744.1483465161225,92.30863631772375,5.308621513664564,0,1,179
456,2018.276394722834,90.49140661869382,9.661769180057956,0,0,87
154,2342.2953926726805,47.57528297005519,19.11184225869585,0,0,50
210,2593.4987722916567,31.069200005389767,17.158605437892017,0,0,26
426,975.932715331288,42.3511912836051,3.7594245124505323,0,0,40
221,1637.1669808235138,41.83761121032622,1.5658349590974976,0,0,46
470,2528.31883139564,32.252353123365424,18.73696194161598,0,1,60
229,2968.8808363469166,30.515062411631824,11.008245247734205,0,0,30
249,2674.0819675791013,86.80097896557335,11.218918639836847,0,1,145
422,1145.8284247419115,11.63688246504286,15.833641918423924,0,1,22
406,625.7412257950187,69.37306229946144,6.979090503555204,0,0,63
55,1493.7079853494367,21.41790488836297,10.15624380788404,0,0,24
44,2237.8422829163246,37.728059872436006,19.404595349788014,0,0,39
262,1503.0787587222278,10.846588242809503,13.770825051715736,0,0,10
399,1475.383546775322,30.647495501268896,3.921155607919933,0,0,25
91,2522.7797421913115,78.000001756138,3.531308211702713,0,1,132
380,1116.1411482481997,89.07645583198956,4.881030408327103,0,0,103
265,2586.3942906943544,26.04507943072487,15.567521813993633,1,0,42
206,1250.0741628075846,49.037044729597575,6.612163072971705,0,0,51
312,1018.2876617511013,49.68078455403461,1.406388086826516,0,0,49
418,1389.270238039112,87.98965404717475,18.939312906607576,0,0,93
459,2299.218528090862,77.46591002320152,4.2245549115033025,0,1,138
19,421.70598219878315,53.742335744964734,1.181605536813303,0,0,57
321,629.4366868224513,68.72098404481847,5.505500445283136,0,0,63
295,2856.7622357061214,85.49873012138985,5.46554695524454,0,0,97
251,567.7003007750043,5.90620063242677,9.018099766068739,0,0,6
260,1724.795587896611,43.27455294975462,18.4874067985007,0,0,40
374,1758.9776766527168,91.18810089132248,17.70451343780286,0,0,103
14,1494.392163048222,75.32973793017538,9.680996544666131,0,0,75
128,1951.998483301615,56.56993056173709,8.807098194844324,1,0,77
298,727.9888411029743,55.316230068337674,11.545172643022173,0,0,46
383,1680.3536899414073,38.03815927242159,5.625626227463549,0,0,41
74,1147.9111029783467,54.44945069594388,1.991514847360894,0,0,62
155,2001.9184159061076,67.26140394902805,18.84525858725293,0,0,76
233,466.6094529507909,44.74448865073534,4.547280712666282,0,0,48
248,1734.088379676455,72.84454890725652,4.769613855668611,0,0,62
186,596.547548380805,86.81706158973665,9.976746248225005,0,0,73
276,871.9970361893573,19.69506057756181,10.340653551966284,0,0,18
350,695.1939109545705,47.89696716765532,1.350249984314097,0,0,55
291,589.3714506130104,43.761908672082704,3.811140036705443,0,0,52
72,2485.8473071039675,70.30915638472418,8.184941552654093,1,1,154
226,892.8373245996265,28.73740919950329,13.990883176700242,0,0,32
351,2785.0151565001256,65.82383692046625,5.3399506798067815,1,0,101
324,2911.283249768313,88.36147796449136,9.03727447859349,0,0,72
292,1735.218386314437,44.722501980394156,11.58955622961287,1,0,68
186,471.8533118638929,91.5464914980259,17.88325739784255,0,0,103
470,1154.9173179697648,99.35055519868045,7.195339544215343,0,0,90
426,2403.3101768772312,15.078744745055447,3.537607051406187,0,0,17
107,1133.8026496563577,27.14005285856157,10.296172292054557,0,0,24
114,306.7007939932268,95.28607639079885,15.18771043199718,0,1,155
108,1692.5154872381545,96.04113021573174,3.087335384001935,0,0,83
394,2543.1065119133027,14.282191161742057,9.068986342242248,1,0,23
414,2397.982842073332,6.424857535827985,1.3379176839871851,0,0,6
320,566.613263384542,20.304502209360116,1.6376244512977716,0,0,23
15,2034.6556125167767,99.6212144213136,10.176113901116647,0,0,101
485,700.487577135159,22.099963578015252,6.665748664867659,0,0,22
474,693.7122269289081,52.742022638592196,17.05703868110283,0,0,59
206,2628.511731250296,85.59968401089856,12.440931816402632,0,0,83
360,786.5234105836789,6.938153015379602,9.624726273116817,1,0,11
142,826.579672228133,62.42645331455365,8.75077205003163,0,0,52
367,51.927502745833685,31.31741764261431,10.447664123601703,0,0,33
268,2618.473650670277,86.9218170617745,1.7683377930405655,0,1,164
446,2388.1546989669473,31.928809180087523,17.963073771992537,1,0,53
32,1900.6203585175,70.24179342678134,19.96775995894521,0,0,62
494,2263.284003619585,69.05086508250271,4.448255372315275,1,0,106
62,498.5432739022508,26.0418871416658,3.2872763307177753,0,0,25
174,1402.0546040333475,8.305923987493262,3.7279718055233095,0,0,8
211,1086.0971926789036,43.87870950961274,13.559514106452976,0,0,37
467,326.6407524581986,32.47334943675762,13.56737593056472,0,1,54
92,1484.084931384026,81.85288621330231,17.110559083289807,0,0,93
154,2766.1819685107744,81.0345979032578,15.284701380098813,0,1,154
94,168.1744011995487,48.41727545829942,9.544103794017454,0,0,46
87,909.8096948066919,62.618661405705794,12.644251869741058,1,0,102
466,662.2457618068253,62.40465401875789,14.07740873699215,1,0,83
375,752.5326283138041,83.58002410062421,10.741992935419278,1,0,130
10,2729.881928044157,45.375229341703765,10.037368704581096,1,0,75
60,1430.803709991156,31.167434580098362,13.256851467210412,0,0,35
182,1425.5832681724655,30.17831722335201,11.592016430537422,0,0,29
214,2293.6981452430828,55.9382665318094,13.234903801382297,1,1,134
269,505.7520018145311,47.66907925956019,12.644240705303913,0,0,46
455,1487.4327945951497,46.81147324356894,14.664734649759438,0,0,53
458,1318.4563816571263,13.658047213522186,13.213266666874645,0,0,14
378,1810.8865371126356,73.26735536556858,10.87510724230808,0,0,81
497,2998.6952245887937,25.304985358281517,13.954139414403343,0,0,21
297,2319.874237542039,23.71059486982853,9.540157338523134,0,0,25
43,1223.7038239014103,44.21204042635238,5.59175329347942,0,0,45
357,2491.2815042084385,26.638942453691136,1.0269461825443937,1,0,41
104,553.5896717718165,60.46653539426146,11.63931879577102,0,0,65
81,139.86787461143237,40.2890172367748,12.22244930556418,0,0,47
48,653.1226987696056,47.64661364631506,19.468930330738573,0,0,53
163,1054.214090537066,56.03108555238274,7.868088347791235,1,0,78
259,1556.2132345057016,24.33587463577146,8.488531613737923,0,0,28
171,1864.6309645965396,19.79640417222533,4.834192045501615,0,0,17
447,2736.2868657825443,88.64008077299245,2.340151609509116,1,0,137
127,1554.0693281738502,46.203751768985,15.68328536437307,0,0,53
268,1528.7631516459016,44.14889291509122,5.743940222447176,1,0,59
388,198.21687897779728,8.38315427591994,12.569192359570721,0,0,10
315,152.98908033586025,52.30774874580236,14.06768767536415,0,1,100
277,1675.9218876532975,57.64612355304501,9.953497058541306,0,0,58
458,1342.6269090826163,58.08988274069332,17.65069014751664,0,0,54
63,2525.582165191881,72.16796108567401,9.432101978614847,0,0,69
245,524.0047748999433,21.860774324146117,6.413263837793537,1,0,37
398,123.66640324529631,28.961197751908788,18.024294936270824,1,0,40
487,1374.6643653938713,82.01939419688921,17.36972140074917,1,0,126
231,750.5617424191596,94.98120860012243,4.116758994451847,0,0,79
260,196.36240134957046,17.91361099989546,1.493259348724498,1,0,25
322,2187.5649462005053,52.27670767799573,2.709725570642793,0,0,58
410,379.19934987388007,25.34674401026075,6.444400572522524,1,1,56
121,1844.5425250229264,10.706950993723332,19.472936233092504,0,0,13
264,879.096762992323,35.92281712198286,11.611806910055675,0,0,36
312,561.813348547315,18.65032439250021,8.091972908556109,1,0,28
416,1170.2669926119866,72.4436419762534,17.88560579764218,1,0,95
216,2414.2650398577134,55.70391429878722,9.609590298091494,0,0,66
238,1206.6760518684894,18.664274744079535,6.989533939619402,0,0,16
350,2264.7704651726144,5.877950898523865,18.88317104616749,0,1,11
407,420.18457555749455,81.7749196573002,17.140835657660883,0,1,144
75,2329.6756880119833,21.738468585603517,17.029699132969377,0,0,21
84,748.9533084746136,62.59058101097277,10.73341011795405,0,0,66
444,2048.3097331721747,37.00758174229083,15.999329577493643,0,0,39
112,1719.0555867809392,60.62116413992838,4.407713826026486,0,0,52
431,2790.9769157744777,34.98709456332078,11.891236193568629,0,0,35
201,1192.6014280271763,13.259258265764146,19.69307253410337,0,0,15
261,245.1873070615993,26.180250812986593,6.528210179841271,0,0,26
235,106.50868237619608,22.865563815512182,16.09269425570583,0,0,20
303,2489.2327548696217,45.66183848176617,10.319089736953277,0,0,42
315,1597.970131101225,67.53695942548495,1.7563079812196594,0,0,60
107,2336.9699529131003,30.061577119903966,15.49736855849768,0,0,26
347,741.5555200339684,6.146643853558706,4.202813743450143,0,1,11
295,1067.9970492640396,54.29904960515191,12.997997775522252,0,0,55
344,138.80642302339086,62.54715148910235,2.6276196868924853,0,0,52
356,2886.402357493631,96.47269693017192,18.99048055242333,1,0,149
444,2020.2103247673997,60.99972629385845,6.542753856426858,0,0,73
456,2802.955008889953,49.761393140923474,5.302829141870504,0,0,59
491,833.2144019157633,59.47315446028186,3.453591677260352,0,0,67
317,1853.8176531156994,93.15055983689257,18.974041673441906,0,0,84
258,2051.574906463282,83.6959238321564,14.526171106384798,1,0,110
175,986.7716157598859,35.68297966956176,15.091556885643685,0,1,69
490,2551.9222432961087,27.53916454742804,10.488686666224647,0,0,23
481,2844.1263155557313,29.950193174776995,10.019827920139186,0,1,50
344,2660.322597203213,52.919998772945235,3.0904036168380564,0,1,96
39,2230.247579021149,75.68469786671488,11.636980816095843,0,0,66
256,868.5208051886144,52.8058246823814,5.691413407067018,1,1,129
115,880.7673242116136,11.440657603670696,19.56576132320771,1,0,18
60,2891.912945315812,73.74016654179819,16.1350378602878,0,0,81
90,80.33926301029149,81.56716222374061,8.846849143664864,1,0,133
142,2162.347421064326,32.50229718637337,3.8754839151391276,0,1,55
294,2133.4261795380235,68.09194523191829,15.921302131636896,1,0,108
397,1886.9341458019026,45.52623060016737,3.319021574545004,1,0,66
147,2970.821095956254,89.46633879410707,4.597341316444339,0,0,95
193,970.0443355029894,85.29642802527029,5.018889837140321,0,1,141
410,1052.9169981900823,54.916039839416015,11.580922127188794,0,0,59
339,282.87123869233886,70.69302685229148,15.95407642581696,0,0,84
282,1356.2545028040254,88.91822159709987,6.971982695769152,0,0,73
349,820.0931523928018,52.093115957436176,2.608726471230499,1,0,70
481,1062.9907714240503,34.758820346438085,9.826230806963965,1,0,47
78,2511.9867812541015,76.59828310141022,15.214094582038776,0,0,74
43,2809.6793149061123,25.90629420454572,5.211613018660378,1,0,37
271,597.9125624152977,41.91045906057399,5.17856641274811,1,0,68
62,1148.9013480827243,87.2440875251454,18.997313519587507,0,0,86
459,2789.4601582404125,73.82012232558493,19.12892081526438,0,0,73
214,232.33495903320676,43.36204549851243,19.81884890916995,0,0,47
135,322.4635579285666,25.400727728793953,16.345532429920823,0,0,24
244,530.2334181583767,38.81699712906247,4.575499214190966,0,0,37
52,1805.8778606742806,31.989894176606136,5.0276488951859655,0,0,35
249,493.8931994676925,21.728482354666124,7.464279588925447,1,0,35
468,2905.825325279664,75.61662678873738,7.044518095336326,1,0,99
380,1367.807855412635,28.946639250766292,19.17402723248217,0,0,25
120,1529.4779830329908,48.145909665937566,15.99240567475218,1,0,67
258,777.6429166259492,41.65664744943036,14.756167051069523,0,0,39
160,1439.3327446824637,98.29735097038493,4.533301257104505,1,0,139
192,2002.645216279184,42.15376319408095,18.280985627884263,0,1,79
345,2265.9725540144264,12.598335865691705,16.729537210617302,0,0,14
104,2273.9108439942434,13.533446494347983,4.10919498523055,1,0,19
468,1754.7787824475606,61.12160352854116,17.55223630725848,0,0,63
383,2717.861336231879,61.939537415135234,6.172703191038954,0,0,59
409,2461.353149553023,44.78210409585222,2.5365251708100147,0,0,45
17,2283.291938360945,46.02515076964282,13.479623823769991,0,0,48
397,214.03628895735883,10.123595369882764,13.422288528302282,1,0,17
369,70.28998854796548,54.07191848697991,2.8037081817467437,0,0,47
397,676.7194677266452,52.95025016113341,7.0581843697950655,1,0,71
193,2007.3946020446842,19.207185262909732,19.863474782855235,0,0,20
290,1263.0325922035101,14.86474168053812,13.890106673166,0,0,14
204,1237.0984649329696,16.739386606951598,14.871428165463254,0,1,28
361,2659.5313202773605,14.59768341666956,5.0454284264818074,0,0,12
204,2691.910401988924,62.92227857599218,2.4968593490743722,0,0,64
164,2732.067028958078,23.66585197827727,6.261132105077816,0,0,22
102,975.9403257193305,28.885864457809028,5.729069318670647,0,1,58
169,2088.614647580822,21.489353694386775,5.456337914213009,0,0,21
443,851.3178847593904,95.99435392260779,4.662332115853752,0,0,85
70,612.2990075696268,86.18865899942436,11.920358122452683,0,0,91
131,594.6657491747392,26.897009548394482,7.233966040994614,0,0,24
60,1059.2174815476023,36.11879792260197,16.586555285903078,0,0,36
412,1318.374978350474,24.939820018974732,4.495000939100295,0,0,25
286,2501.3000546124517,51.72821614877826,9.827914346502345,0,0,51
14,403.6787257445007,6.863000585054092,1.2594988920955197,0,0,8
475,2218.031249814938,68.77996084519559,10.151964126648648,0,0,61
101,1617.7919968584508,54.70002423267596,2.0609261966530132,0,1,107
179,899.4387608941778,90.3706981886048,19.57674672558023,0,0,101
326,1503.8177743718325,20.617305011199342,16.021250444357843,1,0,30
31,934.8291058422168,81.3903783758075,10.312118056092652,0,0,71
414,1808.4417679530027,80.236296374338,2.645159805407655,0,0,73
335,1329.8395724229704,17.082212975604257,12.256463375017871,0,0,16
10,534.9963107826923,42.86312629369212,15.416511263335673,0,0,44
142,393.92006993930534,21.164500908729103,4.623627807090161,1,0,28
242,1662.752262112784,29.198447543467147,11.795958474962326,0,0,34
21,2712.1184481940054,30.008386608901713,16.47000706927449,0,0,25
355,1064.6751753451724,57.84245743244841,15.596707775280011,0,0,53
55,2212.3503163067385,44.084038517244224,16.256848339475905,0,0,37
43,1993.0509970723126,95.034616380599,17.707145072524675,0,0,86
442,2798.086997212969,17.005163484965486,18.815959941029934,0,0,19
87,2471.8940010324654,97.50075281076889,8.704901948867182,0,0,102
227,1721.4855137711158,26.910670820355076,11.806612947934669,0,0,24
310,1988.2399697906167,78.42302395627604,16.022530994866607,1,0,129
420,2700.240076422903,37.20214298641803,14.24565646496988,1,0,60
82,1228.5804145314576,18.59273256464482,19.914884337023196,0,0,20
291,1014.0443822804432,86.49947259839279,1.2598753709882387,0,0,99
258,81.8926967238292,34.341785427464,7.747531091000023,0,0,36
56,2488.3256688648194,67.59126340155001,6.339530599133846,0,0,68
130,2412.8930661899262,58.812150083229525,5.984001153145157,1,0,85
223,358.1408283954466,49.81684939213306,5.22806586747883,0,1,84
248,1751.7292743414657,52.102849901611215,14.473352975489352,0,0,53
65,1418.7460095923177,74.56260183876732,2.610429992231115,1,0,123
359,400.1918317518788,13.338426841726854,15.090567844923427,1,0,21
116,2942.6762698291345,68.477162886001,14.175090998309196,0,0,80
328,683.3528680168986,90.10214963286498,5.765278517517031,0,0,85
57,248.34083126715538,10.489878716887095,5.803841880138064,0,0,11
70,1804.7997695306333,18.362067227198338,12.948351121545542,0,0,19
346,2229.656697542446,73.08003398669298,15.481251004189879,1,0,115
35,145.70816583920154,46.541756583238666,17.653226648659945,0,0,49
301,1993.2170342447155,43.33711897730039,17.190651713235038,0,0,39
266,1620.2610340567905,18.01183028170241,19.33277688911321,0,0,15
17,354.6317761813928,53.14315386818987,12.046313011393712,1,0,90
122,558.945436991768,17.021804563655838,18.264455665466834,1,0,22
364,1725.5241770824375,50.27894334950134,16.361752191947804,1,0,75
262,924.2549598642007,77.54345340135738,17.998684861966257,0,0,75
189,2818.0313995213824,29.535113999280533,1.2209054244219661,1,0,43
216,2465.2836769779497,50.67468597707409,19.35215684545041,0,0,56
312,2951.523259215306,99.24151709269938,9.997073094083088,0,0,109
136,816.0289749037213,70.23179021863353,16.165476801922015,0,0,82
65,2910.6847167540323,84.92889327399386,3.4168782674178364,1,0,124
223,1322.1399158850957,44.41052262325185,8.522880820465508,1,0,68
23,1075.1804461755762,77.94678769695625,6.157752597398828,0,0,90
483,198.53110455959205,8.848371429425574,6.541516639517804,0,0,11
37,205.65751068582773,16.676562341513275,3.3418567790667533,1,0,28
480,2091.433205042631,24.2917063274059,16.30951281831713,0,0,26
87,1400.8905335803822,43.185432838445855,1.1756039770404851,1,0,59
225,718.2387968065118,85.34576344094751,6.937603682718847,0,0,69
395,1861.2124036594362,37.895274824853395,4.313800321111886,0,0,43
374,795.9314488378279,67.18901338396898,12.19173987155847,0,0,76
163,1754.0136753160466,72.38485800633093,5.830795649676333,0,1,137
23,1109.6658035989365,60.687323638392435,5.920970636033894,0,0,55
196,2479.479068504866,38.93798697616294,10.278424735911056,0,0,41
321,2471.053674261999,59.8200674627867,13.401091747477588,0,0,55
380,1458.183674461084,37.51523131502589,3.3047893867381086,0,0,37
16,1084.916372538296,12.968005162441148,4.334717596844427,1,0,19
12,1119.5513998493288,99.31637792767137,5.696320147295834,0,0,116
120,2426.857850721243,17.082333095088536,19.50121606824125,0,0,15
416,1018.1294742529554,11.873096464425448,8.545897498915487,1,0,18
247,666.7251524351958,88.46042117467981,12.380811721989502,0,0,84
372,299.8306085321551,33.67429278482504,5.58931344160358,0,0,36
248,1426.7447066090049,66.77821253698323,10.31873097799227,0,0,69
283,1472.2896918135336,36.255544317912126,2.408264313333203,1,0,61
303,2530.680695688576,42.18815572547476,1.6601007725242118,1,0,57
236,702.6541545158888,29.900732341595667,9.905937009607744,0,1,50
380,1173.9242573217798,37.58918055033597,8.574526462849828,1,0,60
24,2434.7969297363884,44.0165380557216,3.600726074144726,0,0,42
201,2479.689651709472,73.43952656377257,14.064427149493941,0,0,64
482,1184.6026741373662,53.59593845230522,19.865166327086023,1,0,80
128,1404.4158686957087,94.6386956299128,8.517289602737538,0,0,100
494,944.6933780053846,8.978637414683673,12.866614082430495,1,0,12
37,2801.0368913369707,52.791490650042675,19.29654290492523,0,0,48
211,399.9991089376619,60.501354939013225,16.79916447649063,0,0,68
48,2804.5607978543367,92.41871367705602,9.80749224275103,1,0,139
450,2067.4060329142626,9.67005974403562,15.012300204738468,0,0,8
282,1618.137850425857,59.482460568845525,3.4345657647599563,1,1,132
240,146.34422931426283,86.09484321015591,10.729973253812185,1,0,134
95,1453.0087658749244,27.983134171327475,6.302145266418794,1,0,39
483,1252.8569097580603,88.24777310977406,4.06211007002706,0,0,100
135,525.5954953266115,6.809123881057723,9.099337218836162,0,0,7
309,1986.4083303269379,74.58318976770433,3.489276534238674,1,0,111
34,2914.8951767364433,93.64575601102204,14.280717055315225,0,0,109
154,1708.4569926403492,67.43377785580591,9.668560837013375,0,0,65
22,2158.52216550964,46.707778178142554,11.091748018728612,1,0,65
221,251.9288350697495,9.263696564908212,3.7811428346949834,0,0,10
34,1282.1176376601345,92.41081226564974,3.6556615607763954,1,0,141
77,393.25753123526283,49.678141155699606,12.084893269942357,0,0,46
403,1857.7477148327057,7.754690711915061,19.71518520875948,0,0,7
76,2818.522366731756,70.53300177623238,2.8287610815167867,0,1,124
242,2002.2443107913336,50.77453908974453,6.428897142749844,0,0,47
118,276.5689925275435,16.81280515702902,17.519723214219862,0,1,32
155,1096.2653047059944,25.35582188447466,2.373168232849502,0,0,27
120,1674.456969350512,11.126614643305395,17.641828705972074,1,1,25
237,1239.462880593094,59.55788627231449,10.961433684120273,0,0,57
120,2509.2498309017583,64.09280052894087,8.75706870460209,0,0,61
479,2453.2794638944683,53.04551834376721,6.883930722677661,0,0,48
43,1854.9015093045032,82.62470263524841,6.645226004428996,0,0,69
120,1151.7009381414805,86.79583802426129,6.810249066540097,0,0,79
273,803.2423026015703,63.48431768489703,17.81125853824372,0,0,59
433,362.32923872873147,6.211865572205902,14.752109373320925,0,0,6
378,1096.9481662853343,71.04681729603489,13.724737148791862,0,0,79
245,1268.8589257627725,44.7099256074334,16.176233830088016,0,0,43
92,2043.6776290570172,58.727960906506766,5.885178597078754,0,0,69
51,1991.5714816778418,66.66265719179401,12.742813429553358,0,0,75
434,256.819011941708,38.272478361072295,9.741258540201068,0,0,46
110,1216.0149805219155,92.12435799132045,15.866391068803674,0,0,106
15,586.2476582912177,17.727612341229214,6.875866098992424,0,0,19
189,512.5974806845768,68.79362169169855,13.220393720528019,0,0,72
291,2490.5413417248756,5.414160095875141,17.762035824528954,0,0,5
329,173.64988931295971,92.84185501349218,8.640859047703646,1,0,148
235,1286.589483911258,15.687892657618692,2.2658196599817675,1,0,24
452,546.2007845112287,14.01400186401959,10.804965624494063,0,0,14
449,2644.0241362514985,36.6357251399632,7.573477268333493,1,0,58
324,1693.2695141613535,40.488797173712655,13.772282230396325,0,0,40
374,732.5728773117016,25.35850687067347,19.069625570223515,0,0,26
463,1532.1604971408103,60.586557788076846,10.226558041940093,0,0,58
238,2207.8847611241918,47.07683931398654,9.857614372955144,0,0,51
386,2876.44812631233,8.246680958903305,13.437111203637745,0,0,9
298,700.3157125239859,35.36694591425356,2.966452568277786,0,0,40
446,2664.2362277815682,81.9911267894512,5.816617589575278,1,0,132
159,2806.1971367940964,70.52164581187752,18.460607184507573,0,0,57
286,2753.4406063695956,73.86273109008864,13.72890965391156,0,0,86
207,1924.472352742634,71.32110778793474,1.2554368356849088,0,0,65
79,1907.9709305823876,34.54243703138816,4.887883978621377,1,0,57
121,1239.4713678922772,14.468072597293709,13.973908054549081,0,0,13
13,2269.573752796174,30.88438248314412,15.52358484868891,0,0,30
359,1617.3173541352492,84.01960351759013,16.957331880806798,0,0,92
340,2048.442310123469,98.14472578939176,6.551359264258853,0,0,104
455,1313.9508163539465,51.91546640044833,18.68954332927369,0,0,50
327,2207.91456892726,5.921533717689011,11.505990977979955,0,0,6
359,2482.1909769334197,18.30425715275176,14.234241425369966,0,0,19
104,481.98695697830755,35.59765465504525,12.338038392818252,0,0,32
161,2507.1426609439727,59.96560811633022,3.3320610388177885,0,0,63
320,1643.8747687814064,12.133896351504827,19.299178528312716,0,0,11
146,2541.764431816162,94.61894337743875,3.3346360179889003,0,1,178
256,1322.3400337059932,39.68294896201807,5.842757171812488,0,0,32
396,1168.1694318799534,91.69550070285818,16.458929724236622,0,1,167
252,2749.429160925806,79.14957126191707,12.753342268520928,1,0,116
40,790.9493392677838,76.7665408889802,16.924834142150782,0,0,71
49,2540.426359594122,62.638360079312044,10.798987579106853,0,0,63
238,1477.8606889027421,64.54446261992524,8.162871471966064,0,0,68
45,1566.581555526216,65.61030734554357,18.515064491407912,1,0,111
417,959.9814303939778,64.7285317674303,1.6887940327811022,0,0,73
232,1740.4744918260963,57.60418198284432,17.26647418670787,0,0,63
15,1009.3730290148234,98.70933175587444,5.3855379185678505,0,0,98
331,165.84477201287433,74.56760390544113,17.12599022732539,0,1,131
477,852.3958857658504,78.80990689728951,3.6447356549208267,0,0,64
229,68.81817804944251,87.88396743294905,12.02416031012027,1,0,127
84,2936.146621817727,25.48577745895567,17.87405046121797,0,0,29
13,2898.9542689682553,12.961395114030775,9.99725329107892,0,0,12
344,1215.7081275433,50.874971476866875,15.184766802264466,0,0,50
143,2198.694020301956,53.83766608383095,16.288760739255608,0,0,49
127,1070.1279903107538,83.77226909524218,14.993389965618805,1,0,118
378,2029.7248134036295,47.15944003182189,18.581265000617368,0,0,39
103,2426.0186269856385,59.23103742670971,9.489850379878645,1,0,92
495,2842.9309218421104,55.07173915877854,4.28938334413796,0,0,54
444,1230.6262137565325,8.62926445695215,1.9084102103471159,0,0,9
71,2360.7290497203408,63.44541517670683,5.682737523112597,0,0,65
450,834.4889293647504,83.66411214855397,3.7207525737246,0,0,94
203,2971.480296191263,19.962552067201365,11.601026087255129,0,0,22
344,126.02031635483587,61.461514723026596,4.513961407022908,0,0,68
212,1830.409979178307,61.393001722409366,1.7397404384980524,0,0,61
401,1995.542645871415,20.597571585354082,1.6838067485046895,0,0,19
35,2079.73439336868,16.729039504419923,16.79982046893237,0,0,20
444,405.1433574278126,98.10493458276605,12.237548697417472,0,0,81
182,2818.662861245735,42.403321117038566,7.803620735974185,0,0,37
309,584.4906731977443,26.60506422873528,17.990332812064693,1,0,39
142,1887.1225395575311,21.27583172316562,2.3337356167465586,0,0,22
335,706.8944334131006,68.42216279040733,19.62611938182869,0,0,55
419,956.2884302127492,62.89730324609149,12.709544014834758,0,0,68
127,1662.0526980979669,66.13745168380467,4.485820825408121,0,0,68
333,1280.7205847655007,13.360572613587964,13.902312880562402,0,0,13
284,522.6655228806935,89.88578543235151,15.50424393588769,1,0,132
221,554.2623871415025,41.98030769685959,9.157512884044715,0,0,42
234,1283.5271250802589,34.770093610884004,17.3710195186654,0,0,30
29,2283.984785912727,48.92433748853522,3.8639157386329357,0,0,41
122,2698.995708200976,42.05627624602469,6.297914087974559,0,1,72
149,298.1766036651794,87.03981529821885,2.7763548700958056,0,0,94
56,1209.6565273002332,93.27979264379975,5.00667897153969,1,0,143
10,345.72441298248606,33.82805556271259,5.535847426311756,0,0,34
99,98.94781786616376,87.0739017086957,18.435030627512493,1,0,133
151,2002.070113799672,79.24469730564138,2.484084086271968,0,0,81
329,1827.225853801434,93.42672887275238,9.120887283566478,0,0,86
47,530.9063857539143,28.346279657659345,11.115575057311347,0,0,24
302,739.7478576245392,59.81111926149301,18.075168022241055,0,1,117
391,119.93787325132922,31.08173555034224,19.956228154563057,1,0,48
148,2513.094256798491,83.28897659601554,15.31437418347688,0,0,90
365,2925.337258343227,5.505798104251104,19.44502882081156,1,0,8
342,449.6056335443379,58.65782047420763,15.954921518181601,0,0,65
268,732.8518806076295,37.22432597083221,19.300850178456916,0,0,38
170,2611.8080956434555,35.654952172392925,14.438143792944649,1,0,47
399,2783.0682039707453,66.2661007671671,2.5155050835703503,0,0,77
187,1287.9007792800905,85.89102268482942,8.636483552860854,1,0,122
19,199.33629319376868,62.873562182365994,13.285348392246938,0,0,54
270,166.20590939381725,86.05143297143863,7.663651679630768,1,0,115
416,1743.1521049035807,30.136725628697846,6.194294444161794,0,0,33
147,1209.0405712348781,54.35267620267321,11.970586075528729,0,0,59
181,134.52466135408082,47.80097121137222,18.736535657346263,0,0,52
395,1770.5945573220424,6.1062654527941405,1.6646555968069177,0,0,7
22,83.3424829376163,57.89715359837031,15.615392867287316,0,0,54
177,2372.7472765403554,67.84481079388661,14.731818282847915,0,0,70
139,953.9768269749461,61.231868419811654,19.315115082377456,0,0,64
93,168.7611088772347,74.94659038442504,18.68351322431833,0,0,89
330,1785.6390519003023,59.27725520304232,15.482418678839664,0,0,55
328,1223.1690225775114,11.341274210821908,10.887766528969374,0,0,13
110,2922.7112194035913,16.062324788047583,4.881083511436877,0,1,27
338,1655.3860543859214,61.66508486667548,11.359478648185913,0,0,68
282,861.9555840591744,31.12302323749582,15.541687884473422,0,0,33
274,2142.8446506702257,12.566287258302754,18.01771504011997,0,0,14
468,850.9014075009984,45.81226062761194,16.00452817500043,0,0,37
408,2717.517709652317,57.66064681794726,4.7100717686300255,1,0,77
417,1155.4298129967606,36.23086889321262,12.394039970333129,0,0,30
47,1672.1122601898053,73.44120171144891,7.311295731095783,0,1,135
428,199.19065628147513,66.15820776961824,1.174907680422217,0,0,69
103,1307.0576519590809,36.61774430370883,4.804197779984655,0,0,43
104,2505.472441999935,76.71289024631325,3.151192348735536,1,0,114
314,2426.663975821859,66.62602904063837,17.011663347249904,1,0,88
78,711.7397486179025,65.55731097820069,5.9116187908084274,0,0,58
327,716.9332594811599,57.575631574771464,6.409261408863554,0,0,46
453,2461.0506710290483,6.082018468412516,19.2387948641788,0,0,7
245,2794.6753394995103,71.16818243030447,8.202647737928192,0,0,80
443,331.3147177553605,40.72397015536986,1.1821271627434966,1,0,69
343,1377.6729863073645,94.54792246507228,6.393076818576594,0,0,91
382,1045.4901229444754,82.70855325233451,3.2666920314344363,0,0,67
385,2618.530943599446,60.83097460547466,2.9533626729812252,0,0,54
468,296.39849830605533,28.957288272830596,2.4722585125792405,0,0,30
146,672.8215305462104,24.353152361378324,12.271929933332169,0,0,29
427,2269.7815958801584,37.33655957936717,4.597606748967314,1,0,50
85,201.31685449458598,50.27395464010176,7.863613086779199,0,1,83
492,1502.9793731071534,33.12622345369998,17.37833660647032,1,0,52
44,1354.215752305174,53.91830206228587,9.062424656129238,0,1,101
10,1036.4834780168085,20.710190423752664,18.398135650981114,0,0,19
305,1213.988330190825,97.8827172184225,10.460823014516519,0,0,110
329,1613.3247314441871,15.252832721674418,8.57789568195536,0,0,13
415,526.0337072457303,93.53469326716535,15.25738961472333,1,0,156
69,1737.3878409365986,91.78991108325602,2.39032687659204,0,0,81
329,2426.0253714349597,54.90924577285231,2.7000892766659303,0,0,46
358,2292.474742880969,73.86647582442801,13.387500564536253,0,0,69
337,504.0047188466324,46.424588307395844,10.251873551545717,0,1,78
276,490.28593573734804,64.85328486653162,16.017889756064996,0,1,117
370,841.1143848474943,37.354714055006276,18.409145909527098,0,0,40
238,1115.1704427060597,33.610106879617305,8.378970675759403,0,0,33
279,1254.9439651550238,59.931829686103804,12.331790505108279,0,0,64
325,2055.1067896583686,52.32231904747813,10.513235928110888,0,0,49
295,217.20727488921443,60.0559550692482,19.650602457206226,0,0,49
300,152.28447746689585,32.23275522226719,16.790603739775307,0,0,38
222,1206.1361606845317,39.86099402261455,18.323016457269716,0,0,45
174,2106.632891807042,12.970306259746383,5.832461663974479,0,0,11
14,620.6342617216236,9.966255365859542,15.678002040089293,0,0,10
348,1942.4382197059426,29.078427318936544,6.04399127495533,0,0,31
388,816.4930069238834,12.053451636401846,4.966108135139407,0,0,11
87,2663.954020999873,14.858597320300365,18.941057033455465,0,0,15
419,2692.2853355865186,82.22819851242402,1.3667839176394663,0,0,83
71,926.9972526299132,8.693001216585483,19.342385369605164,0,0,8
141,728.4815741915595,67.59956542380056,3.835976042787318,0,0,58
98,1263.3467175953822,30.892986137463048,16.569323554072096,0,0,34
246,759.5681762814387,87.79683966727201,6.242528508293959,1,0,125
51,2033.5323377105258,51.07426703486246,7.66334422118382,0,0,46
98,2486.8908194174423,34.02976363614344,5.118396515117714,1,0,54
411,2035.6217861880903,54.17569889049628,12.124766807140514,0,0,59
305,2481.833819385581,41.28601180930054,7.613815402649608,0,0,38
337,1221.1268785120487,58.60860114363387,13.4904677503986,0,1,114
304,511.13506359113956,15.880622491003082,1.2972990408992535,0,0,17
113,2226.955294822897,99.71409776719236,2.2231227867857526,0,0,94
23,1113.399790167584,45.427808381188164,2.893561901893724,0,1,80
297,2030.248934425941,38.081910772200025,8.96088002089439,1,1,91
188,848.3996288462088,72.46993559004517,16.481127280539546,0,0,64
134,289.6274226796844,39.57044361705658,17.87538029718927,1,0,59
431,2978.116296688902,84.16105897773198,5.651404061157114,0,0,89
362,510.79444839526786,48.1557188142404,11.913024760541266,0,0,49
32,2965.8419321922693,73.35804926021632,15.59893486115941,0,0,77
72,2932.9758010710193,15.208055561979222,6.487759168472565,0,0,15
152,2391.763406528717,85.38132262773561,8.771146997989192,0,0,75
490,1995.2977381418928,74.89320874392044,10.955509851028564,1,0,110
162,1754.5307982406998,25.11309395388674,3.5626220817529064,0,1,46
154,2604.9995588646125,18.80217092584973,1.493663580789826,0,0,21
234,903.8465887774894,35.04777312893432,3.9033103770473816,0,0,37
459,1429.6595768303873,97.7267056730309,12.910218803817134,0,1,173
471,1877.2004096311807,29.39899958387057,2.398746969139952,0,0,35
318,1263.0119038149987,48.33208484993016,4.604230932152438,0,0,41
113,1311.0850395662906,7.851921443146949,7.419223828210771,0,0,7
113,1024.3397691311488,42.73661530879209,2.4795312218209604,0,0,40
444,1714.4838592193812,59.27540146614476,4.642286152071055,0,0,53
48,2559.194857644592,95.54683818825669,18.314125990686712,0,0,100
444,644.508715118623,54.08992426930612,1.3666835123127106,0,0,44
207,2806.5774643226523,82.81519598688034,13.41520655931288,0,0,72
143,2082.8085785572775,56.977126044045555,8.303769687388513,0,0,52
76,2478.655977406089,8.87457627637422,13.780326049215052,1,0,14
400,1690.7625432585344,34.92578614302853,12.185142686904687,1,0,58
188,2349.574269200987,59.67720324395481,5.246476332738242,0,0,67
465,97.79117215142827,95.30642676345681,17.096980263894384,1,1,207
51,2464.2222530996287,86.61738417636717,10.346867269577777,0,0,89
457,168.40963430183123,26.693783346990525,16.628184359355963,0,0,22
24,2675.2444602704445,25.910433851820535,8.714238187576164,0,0,24
120,2976.290104353998,24.11143187582057,19.709025524389542,1,0,39
166,917.4990134214945,92.6373951487378,15.63929781152463,0,0,91
298,670.4397410430913,86.00328454466346,19.353053897138896,1,0,117
487,2307.82192338122,78.61392606403014,10.772203099287317,1,0,116
240,796.427705714747,42.30983585130162,10.000131513523309,0,0,37
420,2603.409030358,52.91616690838285,15.3536223771799,0,0,51
429,353.3856468645563,49.11151575553952,17.725533997255173,0,0,49
166,421.56782931910686,29.0728202181404,19.318770121445603,0,0,27
47,2938.497087546816,52.97766438413286,7.166486214617494,0,0,62
450,2037.8247498965138,7.897172046011674,16.17538690301014,0,1,14
106,2548.317312065411,17.52198548225862,5.002266355075197,0,0,20
494,1006.7716631869781,89.2260116360499,11.365912588163459,0,1,170
420,2045.627061085783,76.4095778679852,4.417114819774784,0,0,81
448,1803.0133905603618,45.172498860613274,7.600549873256439,0,0,45
298,1829.2928543626936,54.12928441696834,18.695808976922727,0,0,43
263,2063.4707556362787,40.14989416619785,3.7757232956886355,0,0,42
205,1747.3095607308408,75.37408738026389,13.015617007568734,0,0,71
95,1315.7339894428646,79.49778202704756,12.266131185620663,1,0,107
331,863.9719484226132,77.51209306930012,3.294028701470743,0,0,76
19,2317.314926193946,73.64811385927271,7.193601831607431,0,0,81
14,717.5036685093993,24.427912175815603,11.696648585790049,1,0,41
132,2092.445203155522,37.10714802784548,4.5563935707813155,0,0,35
339,738.3318268155136,49.63531632344912,16.211849471843493,0,0,50
362,1894.724001365639,36.42533418562728,19.47097368116025,0,0,42
127,2253.880888030635,76.71931901504125,5.080428599286969,1,0,110
303,695.2059722742906,36.28858480374569,4.551327331020943,1,1,78
406,226.83273754085943,18.13204824460703,9.643766364151448,0,0,17
168,436.3725418328135,42.90884294458888,15.207540265660612,0,0,50
312,1837.6910534495253,98.09187111432612,6.350411594469777,1,0,134
237,2555.86689836592,26.45873422868971,1.3777182652483275,0,0,25
374,182.74062264450188,63.15507259960676,11.283191932624986,0,0,62
225,2215.7462141728565,46.1324397347721,19.175410787578844,0,0,53
445,1056.8900055526537,11.74733392668603,8.434260252731967,0,0,14
193,1461.6586912625914,51.34827756981565,8.982556529478908,0,0,50
24,2790.1356720444187,71.70561122158968,19.40913262516672,0,0,84
166,1029.3159389707441,53.75589770364278,14.197544620907838,0,0,46
145,1422.7439551214839,87.8500760559252,14.664266534000378,0,0,76
270,90.36312354400926,32.44901658247035,11.691338102050285,0,0,38
166,290.71622401427317,13.193671273876667,19.51757500640159,0,1,24
56,812.8451938476129,93.97373310751058,14.088463204085565,0,0,82
333,132.16411042216947,40.92865320518081,18.00562228049822,0,0,41
341,1912.5572118423404,59.75852738809517,14.288198448931203,1,0,96
182,1307.8751525647865,80.24029698236862,14.967200671967523,0,0,91
139,1667.028348047665,35.80979806818016,6.517807520702684,0,0,41
420,565.2091983941722,73.03563112687306,6.766095262262561,0,0,75
104,922.9994868380176,17.864790732693663,15.876708341944555,0,0,20
124,2008.282200815539,32.672905984523,6.637419494228093,0,0,33
252,2897.6430347096793,18.747510432969392,11.6926313452291,0,0,20
429,198.72948212651713,82.06690304812899,5.737693907227337,0,0,91
301,2676.633746523035,26.15167734654461,16.522684235372317,1,0,38
291,1751.799543868065,73.15333776349497,3.0995256733261103,0,0,61
308,1713.56272192909,94.613347738337,16.759486155471624,0,0,89
292,1525.821678862893,55.138359861543314,12.451866209644434,0,0,58
78,254.71255341734098,56.30277326476533,4.551281161714469,0,0,49
157,315.13671262167395,48.79818896929214,11.298672324616245,0,1,81
20,1822.690416694304,35.95956362239606,6.367477900099469,0,0,33
263,1055.8277857348971,50.18722793786713,7.1458793598794355,0,0,41
339,2755.940796404158,62.266715565342146,7.6790327903407265,0,0,68
369,1249.442085210443,98.66919935621264,2.203065692474098,0,0,89
47,472.6803031727912,94.0876331352313,19.73327200362693,0,1,155
143,2158.4205588310065,86.90453103784657,1.5991579344932578,1,0,137
209,915.3925932509791,89.46740089196155,13.58744059050129,0,0,102
32,1600.1374066998849,49.44567241274408,8.05332530739118,0,0,40
312,2108.606717240252,67.45721108185916,13.27419552798728,0,0,60
355,2705.779128046108,90.03133867894034,7.768716808664092,1,0,151
311,2386.9640246649446,42.33032267417854,13.801262278918315,1,0,62
372,2045.265150224536,96.36743544281954,14.855474679898855,0,0,113
405,2054.9178880656737,44.499675896572384,14.120500167593251,1,0,63
227,2840.4776998946554,62.102853212355484,3.1652776458048932,0,0,55
150,922.6810876147813,72.43144776087533,13.480971458439008,1,0,100
113,53.280677878752854,95.30624124221414,6.319763439627849,0,1,156
455,852.2659502246861,28.238546034965275,1.5472260408173368,0,0,33
219,692.7795698988948,75.88244293267101,8.881782765890126,0,1,151
482,2002.4120260862946,54.47748068368781,9.23731895327222,0,0,64
490,1919.4492193083106,30.512928358960902,9.876308533696484,0,0,35
120,1800.7110789789353,78.7776497806571,14.391659142423608,0,0,90
113,97.91815746788842,57.461116616515426,6.868032373706724,0,0,61
325,2199.89526062941,67.79251296171921,6.990329748974529,0,0,77
180,1004.4147168322,35.67560151490059,2.1504928685839513,0,0,32
469,2011.9151675695618,50.72102542362248,14.049603103853624,1,0,74
365,1691.9063640813524,63.64865384386637,11.788695736592095,1,0,99
333,1061.056230012326,43.46652735563518,7.639077141181973,1,0,72
142,446.99998795711787,23.845391285531626,14.398590599429738,0,1,44
385,328.5357480984188,96.35584676995389,11.209797235310667,0,0,109
302,2502.9790826810595,53.589416304048655,9.915653971540253,0,0,53
337,2759.2727491405963,74.72243517733155,10.715166329561402,0,0,81
136,1966.8747379546837,44.049483387825525,13.090614380074074,0,0,53
115,355.13063883842597,38.737517582443054,13.54004948691739,0,0,33
101,1235.9802898203102,43.68060835437687,6.490198563673626,1,0,73
296,2200.3706403102137,43.87368115963673,3.6741239044319114,0,0,44
387,2350.471607829701,56.69711101448559,3.976049442619856,1,0,88
402,398.74493575871134,56.6296376482295,13.148426832157032,0,0,65
60,50.09062059387813,52.229612508872805,17.584592429575395,0,0,50
38,2150.8042853477846,17.804649567156616,8.780429288565484,0,0,17
471,1101.9587191593066,52.127170457550456,4.220883046259785,0,0,53
305,800.7199282738677,21.06487053996189,15.375447467583237,1,0,28
306,88.04753587910005,16.98289969809769,16.817300013969522,0,0,17
223,1643.883249946424,93.60134314741093,17.731066419298365,0,0,86
276,2560.894669506646,62.470251249031904,12.529797149360931,0,0,73
416,2875.013356504134,67.6515555218355,17.35384262837361,0,1,111
266,1718.9476043092031,43.17039868166956,1.292884210519746,0,0,42
311,1567.6609168326877,91.3531847319121,3.037480233620947,0,1,181
110,300.91633719326126,65.60339651006822,2.7589452739898763,0,1,129
414,1669.1747645506694,78.07113760474081,14.539489000839927,0,0,84
355,1170.938282947914,40.01343455763281,2.3220538873280017,0,0,41
119,1841.049078606552,96.20112867781693,10.430923076859834,1,0,136
429,1196.7427262358128,82.94382256503992,9.981431074089492,0,0,79
191,758.8824141785819,86.12510398638165,6.903366947606578,0,0,72
480,330.14756192371067,21.358455405446655,17.537698228899895,0,0,24
322,979.0094115372424,30.741504747765855,4.238230835719924,0,1,53
10,335.1022611488692,32.13452696993982,7.696792903585557,0,0,34
328,571.8460049307527,30.73637620845276,15.709258500435654,0,0,29
447,2962.6416678096607,86.26377539990736,1.5780239734724006,1,0,128
64,1360.105492874525,8.02905554481625,13.786057604681005,0,0,8
380,1619.021711189799,12.22949895317356,16.51155680086984,0,0,14
433,2627.174659774785,31.021912709840855,18.71308893792518,0,0,27
408,2986.928256447529,23.987932591697145,17.649636169338212,0,1,42
158,1769.0076255668105,27.026663318870597,7.068298219840019,0,0,23
440,2446.7977720803065,80.8046029790635,12.140918685136098,0,0,67
466,1014.476021793192,58.49702641974446,2.468576369858851,0,0,61
318,951.9446744695088,5.548212822831959,5.899530067412163,0,0,5
146,1237.9759769339526,45.78566274189855,2.7902251962026403,1,0,61
211,2033.8964248872649,43.749068050784096,6.988558512925313,0,0,51
445,2062.4654833025415,15.824800597231635,17.62855705571585,1,0,24
322,979.9563322158799,69.23346991713842,7.59616995381156,1,0,94
126,442.9692762030546,71.69923289605165,11.676063957027102,1,0,95
163,1915.5689565732503,73.48485580994928,9.234236114183876,0,1,121
434,428.5612934568553,74.20473982806624,9.71941396167597,1,0,110
300,1756.5528992765237,5.005018558568196,19.42186898489461,0,0,5
72,2095.5952777661114,95.6224763654386,6.626934897013301,0,0,101
253,2116.8039143636324,82.34983287019298,12.919164920940256,0,0,71
34,2272.7427264458106,90.8782611759821,8.981190722009494,0,0,96
99,2624.9352936187106,6.486113054206243,2.161777439906038,1,0,9
84,1524.8790262961259,93.71658559964524,10.297285800860482,0,0,92
303,2204.235109112235,81.92991022536995,16.453523251857057,0,0,92
395,1876.5595693292184,84.53581858107637,2.876306404952079,0,1,147
400,600.5878224031636,13.86230154858701,2.3222451005298703,1,0,19
219,125.7844523647541,75.18391274726677,3.9189988874720667,0,0,86
484,889.3970877469546,96.19208551599864,15.523602116396816,0,0,85
427,1356.9494336959772,69.46199743472526,14.75591229875002,0,0,64
356,1870.4625360645362,59.20333343933761,11.735337609216101,0,1,111
26,2557.3800249844558,94.8348193861547,9.896301677760015,0,0,102
137,628.9248642831886,47.07902656477142,17.87819047934982,0,0,53
436,420.3718802005074,61.93288879949548,15.567258652836168,1,1,135
452,2892.2658450492663,50.252137881964785,16.426902774734298,0,0,47
373,368.731450160401,93.62039102922841,16.45198372566243,0,0,80
260,1461.548656816208,12.228049042723189,13.211625940165602,0,0,12
188,1777.4129999402405,52.60637157840808,9.70227786200297,1,0,75
191,1647.0545416769428,70.26048193161664,17.428877299127358,1,0,111
161,303.79486324718243,80.2311211501125,18.594140934461763,0,0,64
34,218.22939631067715,60.386771507192954,1.4523148219085171,1,0,80
464,361.17611101005525,91.34718569153813,1.9795425920587748,0,0,89
189,1777.483667424207,94.48918745396782,19.21612264126031,0,0,112
207,1655.8174185212472,11.110326203390434,6.2660516630397005,0,0,13
353,739.5353365083955,43.225201256430566,17.594019353338954,0,0,52
170,1931.433718444495,7.2286070635096715,8.38710726026665,0,0,7
186,2469.1991310641656,36.29458245057208,3.2629010945777566,0,0,30
294,172.6579315474516,56.002480707207205,2.528420803977351,1,0,80
72,1519.483333466725,91.52551839844514,3.973650082528673,0,0,98
159,2083.4657157029364,85.42266063421327,5.74797070247993,0,0,73
163,794.3201848555769,17.112474033838645,10.281848724685698,0,1,29
165,957.9241706147899,13.837885600385093,14.328460110749887,0,0,11
379,1860.2318138186822,60.98039718188337,19.7415729532207,1,1,140
478,2698.909115659024,55.551207383584355,9.38862812249425,0,0,49
58,2439.277039893553,30.305875935852267,10.845513904519088,1,0,41
464,1770.2341463437713,90.44804303261435,10.914498326281857,0,0,87
346,2204.154067383885,93.09980889884758,11.249252754270785,0,0,88
93,1126.226287113006,43.24808664231546,10.837072484984784,0,0,44
370,1940.8483078913353,89.57874292578443,1.1667203461764388,0,0,99
186,1425.235693826293,41.4751449549824,1.0327716200869734,0,0,35
157,610.3116025498047,74.99759902382151,2.8556600443963354,0,0,84
127,2120.1279079379087,50.21451066703379,2.9295754651543975,0,0,41
351,1691.570680179025,16.645399868182384,14.393041270141126,0,0,16
485,1107.9336667630946,93.15374911751705,4.893404617803996,0,0,96
72,2738.4506107319608,48.139176370865975,17.999567990356645,0,0,57
198,111.75564758886314,74.77626883062834,18.64352026196337,0,0,77
369,981.5307961860133,39.88151237097276,19.541973420022074,0,1,66
58,217.80012344405733,6.793683464742292,18.84254479285338,0,0,7
336,2311.2555828538,14.550384075724411,6.165878116451968,0,0,14
266,2121.216989635688,52.14085055154282,10.685760049366737,1,1,119
233,1027.4890452721352,70.54661392700443,4.333644433741879,1,0,97
150,2043.2055615108654,36.79985602503152,16.31798344827623,0,0,37
487,1218.014817278052,71.07140362187678,17.880202397737825,0,0,61
224,2280.9486846961813,71.37038099603582,17.174487946652782,0,0,78
444,1389.841805073283,71.87391119614394,9.233972025239863,0,0,75
388,1266.2251971034134,51.7895761319483,15.41480380904884,1,0,69
449,2807.453250690488,91.91418426154287,2.8540042219491193,1,0,152
220,790.0933446775657,51.47366920815848,1.7646506417657633,1,0,80
327,405.319652989868,47.775193382180625,15.311491871866457,0,0,44
41,1774.4021841154017,23.941177806009563,9.081750212244991,1,0,32
167,2909.4993462383277,34.22723329885197,19.915436030051815,0,0,36
294,1164.6256804952006,9.021776789238817,2.8478301012551155,1,0,13
314,233.0084527049055,65.18585289353618,17.256925949169442,0,1,128
438,1050.950538563224,28.610895673073824,10.119678245050842,0,0,23
486,1542.4983802426975,33.894749176119184,16.71585371457366,0,1,55
295,527.6728695650304,78.22737955811051,16.525418361232752,0,0,92
153,1991.4015432666515,36.08601240033812,18.40384802587947,0,0,43
433,2993.3606975800917,28.008609741248506,6.659150214435953,1,0,37
28,1382.6314541452593,21.060486167702045,19.046187715778057,0,0,23
27,1096.4492423541274,78.61154820728581,3.8816722467947855,0,1,133
266,1232.0772921616765,17.322094509052555,2.55740677427632,0,0,19
87,389.68122626584335,48.106607223783584,9.200694830074633,0,0,55
380,2655.65712420736,53.15836102733347,16.73813640419501,1,0,71
184,1273.7356837879884,70.30204170514288,9.995001482035466,0,0,63
203,1192.4595137032818,65.16193082163457,16.756446873079767,0,0,53
485,1996.0863051448994,82.01846392979161,14.864049310091799,1,1,174
122,1353.9985917468143,9.251386222992625,4.979139336639737,1,0,12
123,1962.2887329831458,33.16186885404274,19.028750873089813,0,1,64
231,231.26655588582315,31.612741283661077,2.154842203958665,0,0,29
175,2450.4838639805707,18.87160603125028,18.067314443332105,0,0,19
444,2824.486660994238,32.4719341163621,6.784425530817106,0,0,36
328,1963.8578891701886,34.427704843575825,10.502813580123586,0,0,34
141,2865.969490133492,54.57902388311044,9.024685581313955,1,0,80
394,496.7253273913917,68.05192549799432,4.264856581421407,0,0,55
273,1458.3777589670433,41.204548793122335,7.8047904616321695,0,0,42
422,1825.3298651390694,73.34967197477121,4.66575428956311,0,0,62
64,1766.1231098925007,36.935707165060094,4.873843033749953,0,0,41
368,1234.3122483126776,32.57694934490223,4.554079884501227,1,0,46
140,1047.349007630471,56.41286530641731,10.291330226585291,0,0,60
297,424.13086652373545,7.253054229050107,16.160695982714998,0,0,8
275,1205.6402291587206,12.579966745230035,11.81043064146358,0,0,13
467,529.8494045611811,44.70710664072007,17.970925182465997,0,0,41
476,2216.3787456520445,94.57670758221687,13.09434528295776,1,0,133
375,666.0512597090404,73.54361908512524,14.097462197019485,0,0,84
171,222.76765058937485,13.372024102552986,13.68453736481306,0,0,11
389,1679.4801065608413,85.400211214183,9.539724670491083,0,0,75
490,1805.9277115222346,74.56857320777719,14.097437621801573,0,0,78
96,2622.1435307774914,63.03991994175205,2.324447182910262,0,0,71
64,1752.0957566321615,82.92783125787184,17.3371779663976,0,0,78
485,1069.168518484165,43.39043553558093,15.77843072543443,1,0,68
297,2418.8850505026458,26.04259983111601,5.659369206401897,0,0,27
187,1643.822734902892,53.64222196533213,15.592616630827566,0,0,44
400,283.87683966201564,57.13996678138001,1.2402094266003514,1,0,88
358,1719.2591529240776,56.141005340941646,5.127684877136728,1,0,91
17,2728.654708993904,58.68201019061,2.237607534747023,1,0,100
330,1219.1222452197505,95.12696723272218,15.824311415739999,1,0,125
322,924.1611156044102,90.71333419414198,15.361608872389356,0,0,97
256,473.23489820315916,88.19311847309925,16.459084452234784,0,0,85
332,496.7642897093041,81.13459703631958,1.085152173185048,0,0,65
481,1326.6758788083657,94.62567019020211,10.523421806889752,0,0,99
480,1807.2554812765122,14.356990959543309,14.391887752829394,1,0,19
452,287.8154452503252,30.18670983734525,3.952621446041294,0,1,53
264,2821.7273376242388,52.030314837185564,13.34602382273987,0,0,47
337,2277.644171463328,85.4207768467235,2.5980918868840286,1,0,123
63,1780.540558936805,52.99074259465959,4.445191265981951,0,0,53
258,2493.8940792700228,76.06330023745093,10.04013948489742,0,0,72
248,286.5509325957342,18.201190998647043,13.417737900940939,0,0,19
238,1456.674689312717,28.979312232773218,3.7715134121240257,0,0,26
76,1908.774724241907,74.51872902857887,4.5192432857878195,0,0,79
60,2494.526073048953,20.649730844333785,4.884480974247596,1,0,34
106,2361.23520214534,38.37881379221804,5.535315289280591,0,0,34
101,867.3542866545289,30.162294492289284,5.304523121999534,1,0,45
273,2825.596500199653,38.236860951135455,8.507833061455099,0,0,41
427,416.82023222106756,72.29078466240718,13.422003365897735,0,0,74
300,2631.644174932399,39.9454822085661,9.322603879554924,0,0,38
105,2914.2737363336246,57.75001564775432,15.743504266247875,0,0,61
97,572.6028935067454,14.493528320168917,14.666101613023681,1,0,19
87,2180.0948894011667,81.47668085728964,3.404011366932438,0,0,77
297,168.8422803950955,40.13941943657186,1.9279908430941348,1,0,61
129,1245.997334160507,66.61074510816754,17.680889715992517,1,0,87
311,1573.0357326331384,73.9120121578741,2.516790264694595,1,0,111
409,1762.9034164334205,24.917787600611536,3.8184444336745487,0,0,26
461,2811.0148823332506,89.04412357056825,1.4205322356042431,1,0,143
174,2033.1395275178743,63.54130390266053,12.938390940674422,0,0,54
191,1469.7699560967492,45.72888846639074,12.065040700008623,0,0,55
478,2438.5413569843736,22.321842439930855,19.751169662269856,0,0,23
407,2854.071821815506,94.51858910061463,17.85171553002627,1,0,137
232,115.09513861275799,76.73147939250438,8.806020372137285,0,0,69
320,2948.437753155314,24.76233345965864,8.060130977338165,0,0,25
441,304.089810237857,37.08252359880133,6.640188651319717,0,0,43
475,2452.440998842846,81.91905451836696,3.895731480719746,0,0,83
16,876.9875200266669,71.0893780054572,3.623589475438172,0,0,76
339,439.92999037392167,77.74950780799381,3.5133904521825032,1,0,112
272,1347.5741371558129,46.91410471022858,3.1681803865487925,0,0,45
170,1949.6719093704598,73.06524495100585,5.569728805705202,1,0,103
160,1173.8079428192514,41.7169036720718,6.826703975949212,0,0,45
94,210.96795443396192,25.06997710912866,19.270000449739403,1,0,36
156,1818.410361993214,65.1043183099292,11.99099176903583,0,0,57
121,2712.0896645264907,97.72132293188545,19.76431971575234,0,0,93
390,1180.4853295443925,34.507092282556314,8.076872008687792,0,0,39
412,688.1816940109397,48.79211126019126,9.69490601919938,0,0,53
45,1355.6031705018054,69.0301302516361,7.166994524140304,1,0,99
294,192.66999759390356,56.443096801636344,4.474865367034501,0,0,66
197,2470.4383742168106,85.12564059235967,3.720129447774004,1,0,113
91,2487.7053923030508,77.36555711460402,18.956504758348807,0,0,63
11,1784.601367117404,10.53823436692392,19.74940295417636,0,0,9
394,1091.653522368249,99.85001722275854,1.8532804336658995,0,0,85
312,2409.360925115061,76.47823310334938,3.856571619903564,0,1,125
206,1686.3267231256832,87.07081504794075,9.046957753719429,0,0,93
413,2486.500310222548,66.8637826490579,4.54033605054374,0,0,70
20,1912.8034381199109,86.34708716444241,7.913727478910783,1,0,135
243,2363.996145977752,15.676382618227395,3.452830647333034,0,0,17
395,1815.7608299923918,38.03509437813498,9.673723377714014,0,0,42
204,1271.7161512362154,88.25998964242682,6.162197707215926,0,0,78
480,2875.940286782106,24.15724507035476,7.686196059414556,0,0,25
128,1646.285783392592,12.432999365102159,2.791940377792204,1,0,19
405,1835.0140796945882,79.8712992947958,9.134432963492692,1,1,198
29,700.4385362735103,84.37118478611313,19.681894608269825,0,0,75
270,1895.6698288104656,20.451960728040557,7.247827890742616,1,0,27
302,1736.2425659746843,86.16286836435796,17.652156222006266,0,0,91
431,595.2732739437236,70.24294058173112,17.020783690850017,0,0,77
265,225.78193719177395,54.40785490557547,19.089109947647003,0,0,50
231,1832.8599931585748,83.87376831423157,16.012080733074797,1,0,128
402,2302.8921945834454,44.82867868530175,13.532339714117484,0,0,37
235,1594.0340442199242,23.429425841222734,17.275104440321694,0,0,28
62,718.9792446929548,32.0610042780083,2.437248932489643,0,0,27
437,2016.239831244453,52.99058173786491,9.793782486777348,0,0,44
364,286.31189349832664,55.47642530395169,19.795868533686118,1,0,73
351,1353.4094291657661,81.5301785119172,15.622402874599914,0,0,79
373,531.9319372753396,80.17850874697177,19.27943218270724,0,0,67
289,594.1542006266559,60.229822934434615,15.813052766536103,0,0,66
90,646.7671500167007,79.17462091972025,17.62275738140074,0,0,92
211,1190.7858182797347,23.218478537898743,14.424063013760628,0,0,21
167,200.893106580173,9.756130073862963,15.449538083927557,0,0,10
129,1223.4906507408396,87.99521315029651,10.940382186950513,0,0,72
68,1559.5369689883676,12.177676907463109,18.560516315468526,0,1,21
224,1475.7181406506593,28.435400825679743,16.67573930184387,0,0,26
137,1179.2130961889698,71.05530021431653,17.033814347647013,0,0,63
233,2525.48249380872,43.89755407459437,13.787172918297994,0,0,46
218,478.7137426404871,88.24982714197334,6.787018994657731,0,0,75
379,1541.8053941550531,33.30808049291561,1.6769661124126474,0,0,38
124,233.02218002183517,6.127777933589133,18.777447458781346,0,0,7
218,259.90925268983375,33.562285853270694,12.136286627304441,0,0,36
23,1742.9042565474342,59.91712967255901,6.664716451814665,1,0,100
18,1719.7543534190718,40.71414566331287,3.8335670491032183,0,0,48
49,2640.198862891148,55.812911797081746,16.760940144514336,1,0,85
459,1695.7273431972158,88.27682128932678,16.893883694503998,1,0,132
246,2881.383510194308,91.68608015188501,16.4756513944801,0,0,86
290,193.64980277979282,30.26753614214065,13.25657114736894,0,1,57
368,339.1226701031861,48.90334496064057,7.954292364245642,0,1,89
210,179.9942916326251,57.168681447937864,6.7773354108248824,0,1,113
255,596.5667084839431,95.16568340438347,1.1625406322452334,1,0,133
287,1646.7468272779504,99.86864532061655,16.838543615076567,0,0,92
244,1954.4379352109127,27.363688639945032,2.6612212523792067,0,0,25
13,184.47621594857296,74.06308777785246,12.984344962774585,0,0,83
163,2840.614125044518,40.91295091215354,10.577423989961678,1,0,55
451,2534.387861118624,5.770278704190257,11.007097819600672,0,0,6
38,925.0068223634247,5.8789896314107235,18.607544060847694,0,0,6
118,277.7032141680805,48.753770718414295,1.6006852141536,0,0,40
107,551.166865996219,51.39181673541179,15.694452267946675,0,0,50
224,424.48602057716937,7.144121174477052,1.9889955689788354,0,1,13
302,413.6871489318932,70.25810459355874,1.7249185127721667,0,0,58
84,1579.7569815639151,32.93032191652055,9.166536264686258,0,0,33
335,775.2499553555309,58.189844645915194,2.1984283125163677,0,0,69
155,1106.5121637609761,33.587311950714785,15.993735074565329,0,0,40
137,2969.0407334837514,20.87775991258418,11.061698779318407,0,0,21
350,2068.727034329767,43.68150516689315,1.5517368705357144,0,1,79
51,2849.492967788654,27.06596965509757,1.7695130431564707,0,1,46
365,470.541837347691,55.806092807320965,12.640702065050109,0,1,112
50,1177.3114507560792,23.888710377215595,16.316124535509694,0,0,22
431,1686.4588196829452,53.29856778123957,9.318191094220698,0,0,52
43,276.43628257177716,19.95095891254242,11.537032759176864,0,0,16
26,62.3529587024757,68.74259740114957,16.19675962694813,0,0,65
174,2027.7812847009068,76.62408002193528,12.599617306794563,0,0,63
162,1943.3675745642342,15.487452253743708,5.27044451551757,0,0,17
495,1261.8269894988548,49.441229143547226,12.647988491520094,0,0,51
387,1494.4500242944962,11.73281156221299,12.937309722239057,0,0,12
85,1275.5568517466643,61.82733232649023,14.948032636741408,0,0,57
96,120.81488229242213,30.11840830331631,12.796609563579224,1,0,49
126,1039.3462383415142,55.124323399677245,19.41560047870272,0,1,88
371,572.392653422005,54.158795891507665,4.748477865624301,0,0,51
351,340.3513578490378,92.81366288841105,19.07072291177445,1,1,219
478,2872.325279973582,57.162906144028675,11.22845031665031,0,0,66
36,1818.1111888743885,60.38485557323999,13.767166669403329,1,0,84
322,2199.536038497978,43.157046947616124,2.8897703515916073,0,0,44
296,980.3230426350466,95.1625623023676,8.230942886184033,0,0,97
143,1209.7840320073449,78.83266139676292,15.618203782800279,0,0,91
228,748.9257819953342,32.11350257876995,14.431309286880817,0,0,26
177,336.048729348003,85.19991064874205,1.7626483751427935,0,0,83
107,578.1433304526722,46.07765421758355,11.385291006447648,0,0,40
277,2402.666433624633,83.72337863569142,2.6772856663997793,0,0,68
246,2048.7601252921386,83.1743664878827,19.921272154385083,1,0,113
318,1663.4401841571569,22.942667742471166,18.0486351821326,0,0,27
464,1451.5151249569658,71.60840748143981,1.4005325481422022,0,0,63
403,2771.181136785567,32.611082084120454,17.314341999149985,0,0,38
182,264.5680959470718,33.26180364930348,18.469162410609744,0,0,29
410,877.7723990518521,33.15306730365517,7.7174162287056465,0,0,39
419,1082.3166680336064,73.92898351819508,14.670531445907551,0,0,79
478,2358.156146027724,26.833473970290928,9.3999711779478,0,0,23
485,2977.9181294778155,5.086054348378571,13.449417206950537,0,0,5
199,759.9780185336016,72.94750108085015,7.466030681665638,1,0,104
131,2629.2066357043877,21.2625506643369,7.1286254960320985,0,0,20
55,2500.3371432737845,14.925827554244291,9.064243888294001,0,0,15
73,712.7393230432116,27.564031456435714,3.765787414397522,0,0,27
139,1228.0311115877066,41.09054962065688,16.79164032427227,0,0,44
319,1258.5349644129315,50.21110110995407,7.625260011871096,0,0,56
372,2935.750972153347,9.234153867699927,8.602841524211058,0,0,9
202,583.63110906775,97.20446659959924,17.98703764134075,1,0,162
316,2407.516014759107,73.02599007485802,10.435852467200256,0,0,86
190,1035.8685068106743,35.70343620581193,11.340824277666396,0,0,29
301,2206.067520039673,35.27623944211275,19.173464370764872,0,0,28
380,1289.0324626722054,47.61154219000364,17.847801279754794,0,0,46
291,1756.1613011937932,64.49325816248813,4.21986746888035,0,0,67
38,2506.204731312087,18.905441325951937,9.991085568443996,0,0,17
158,2422.288416702458,22.94833230767047,19.454628321142366,0,0,21
276,2605.9483914421153,86.64628536918734,8.074959666343451,0,0,93
305,225.87110976674413,29.344217769461892,8.059889061807802,0,0,31
20,2091.549131467247,41.11852480764186,4.705574403993933,0,0,36
173,462.9627613292005,87.77082584026112,3.172139168263379,0,0,101
122,1276.6647756543125,67.99904379298314,15.065791024363653,0,0,73
196,1668.335824411331,37.46262853746039,15.630578905328813,0,0,35
304,1238.0814800031508,69.95145684383897,19.411246306556997,0,0,75
241,1582.854443618872,6.8699054612343025,15.694946007201898,0,0,6
236,2989.7526109559267,74.88605270107969,5.6236973866383755,0,0,74
319,448.8910754529214,51.26652384904275,1.7622149874817934,0,0,44
107,2042.5953337424553,82.25230399202383,19.723310303023545,1,0,108
64,1218.202850837565,95.69057694061449,7.468563215328509,0,0,90
120,442.3789067766199,92.94991220198399,6.927459306215995,1,0,126
161,518.2734519542131,91.38017912825737,18.213148985238266,0,0,96
255,2850.3556634245697,53.65614581371928,12.116898072354736,0,0,57
415,2644.824415299698,39.213500843199114,5.082552303133557,0,0,34
78,2725.7737832243142,49.17835584941391,17.89282861160855,0,0,40
321,2975.02168869079,70.54012031476927,19.873856246040123,1,0,114
298,664.530400525128,88.97978880276274,2.6468926618657838,0,0,71
259,1098.5460452239822,24.66369878501136,17.382780937747256,0,0,23
45,2024.1961382783568,92.22835005386179,8.419798256003485,0,1,166
248,1477.2174925889094,82.44212203713947,10.957376483627383,0,0,93
157,1284.2491234660838,97.99132144193229,18.381503539534634,0,0,111
476,1105.5431855399995,88.62391846176028,19.49420471972723,0,0,97
236,1801.6528642331841,31.59404632073113,5.9811142977671885,0,0,28
253,1748.0006144882418,15.065811577684531,5.044164648238362,1,0,24
346,526.3006104895082,15.662901839200918,2.529814613238725,0,1,27
455,1441.6325206793952,32.66621526493623,11.674159200580622,0,0,29
374,1682.741739819057,63.347453778531225,1.2584835135626973,0,0,65
491,1732.346469257602,81.41043097923139,8.826067654588794,1,0,128
210,669.8162190914378,90.42877916324865,2.3942963163881625,0,0,74
163,2239.700607144246,64.25657151507711,8.699289875657346,0,1,104
459,124.33732972215542,5.534974711065105,1.758711596046576,1,0,9
82,1096.7539738523299,22.700093769260683,16.86912795156661,0,0,26
210,2351.627313180119,14.473989366069954,4.985040884832752,0,0,15
305,1713.484117113437,39.51582517905595,7.237865496800327,0,1,70
26,820.4291759070377,52.628344395205865,17.530911935521445,1,0,86
138,2100.111702061991,9.12273196496328,15.179055165311896,1,0,15
226,1723.8032852604165,38.10540770058726,5.161728871199111,1,0,58
70,2398.918647896342,22.022069089405644,2.366088954492425,0,0,20
436,2218.324299259979,66.47166579459302,14.59780176025145,0,0,58
113,1849.818370006892,49.1058750858123,8.423348463074078,0,0,48
51,1490.1241421669013,52.055176458721334,15.555519983246203,1,0,74
34,442.8872707191941,45.630719863178804,9.460600675128997,1,1,102
48,820.9324027618821,95.82187249622386,7.574045846473251,0,0,96
300,1286.3434451054015,25.399836886548506,9.572902756035534,0,0,22
140,1817.9328966688465,54.08310468516806,15.222620727742857,0,0,61
238,1565.4381728851492,74.92164999470691,18.14218544426711,0,0,64
117,900.144351580612,57.90021924778345,1.9455767351829352,0,0,57
181,69.06985547964612,93.2569841430961,10.958119283312147,0,0,102
444,1513.905704607401,40.906993785922,1.6238731525936743,0,1,73
487,892.5966662586171,49.04920154845191,9.899781355462816,0,0,46
111,2217.0944870960784,13.4096199453992,17.820373752841107,1,0,20
363,120.6414825479263,62.85491554993321,7.870215061985884,1,0,103
21,1775.242043352083,32.38013700257007,18.71655800053222,1,0,55
284,2827.349000642893,20.229358753979042,12.981560961361579,0,0,21
110,564.5073379789236,56.73047282592827,18.74895153206712,0,0,63
53,1441.3659977142563,55.569475021091506,15.386165882837874,0,0,45
452,319.6948758605576,12.207805916284517,2.9652681663264833,1,0,20
314,1895.7616411709903,71.33046808197491,5.3918759836908645,0,0,84
454,1674.0684577588654,64.25835811183103,8.489238637086618,0,0,66
26,1251.7282964278554,22.956641860917234,4.2320307582294445,0,0,25
339,1588.0622133475365,49.59631190463416,10.403320490756549,1,0,75
66,2694.89524248358,73.4306770654632,9.955994958328322,0,1,126
320,629.0681918176477,55.29639535142127,19.168924762520245,0,0,63
312,116.56530953077434,42.57146223743917,9.240829775023577,0,1,78
21,2591.9114098623477,35.62215351768965,15.926909281471959,1,0,55
327,1752.4953930443241,62.98741733118509,18.896300352178116,0,0,67
89,2677.442443612435,94.21532633947285,17.662787788505725,0,0,108
225,1810.988409068859,68.81575984536093,4.964684865720244,0,1,130
348,2439.9752153811223,12.100860845449972,10.42456799081734,0,1,20
273,1317.5364218976865,48.76507248080271,7.6070558636225885,0,0,48
488,2262.086797300393,89.62829249350962,8.597315207607094,0,0,107
158,2743.472327325075,13.973930451103254,7.855329698669273,0,0,14
90,1737.7627429805086,98.94319265306662,16.700824993325078,1,0,166
224,583.3161941590197,95.16159239631503,9.5906420473265,0,1,183
494,842.9529643390846,12.436075669338207,10.950192312649076,0,0,13
383,636.0015018473471,93.67426544270772,19.66649978389442,0,0,88
473,778.2282314074121,39.49759607464891,2.139606171638812,0,0,36
207,953.9255755855573,85.24737087220694,10.271195156024227,1,0,133
209,1687.644670921906,44.74641708276079,15.707172431976206,0,0,44
34,1784.5753069183068,46.881235706739005,3.872077205576304,0,0,52
475,1308.1742543634903,65.25309364286655,12.619100297680705,0,0,72
98,1865.4913004714645,78.57535483121842,5.549830811154869,0,0,73
277,290.6460305535295,8.209969340083621,17.480678151266783,0,0,9
152,308.9752993215719,61.34981957507775,7.214893642601506,0,0,61
68,556.8969080550924,22.739634439250242,7.252193521117281,1,0,33
419,1578.3286192190171,37.86520419700428,12.365683691839976,0,0,37
498,681.284302160025,38.05702328474557,4.4876952542782655,0,0,44
374,885.6889903031031,49.560732321009596,6.41288413915816,0,0,47
35,1230.9228667103325,36.74295912823647,8.916005152268818,1,0,52
56,2445.0050658306204,15.199306252813438,7.719119399662097,0,0,14
297,90.89330094293734,18.83473015991789,10.972667142106065,0,0,17
275,1965.6675196980361,8.17660862830428,12.393162737310359,0,0,8
25,2023.1857665700218,49.67366310623166,11.766681621253127,1,1,107
208,2406.0345520520777,95.67253101103391,13.429197927846714,0,0,108
410,2801.621170227924,15.989146246571073,6.847240815548584,0,0,14
416,109.40665440040499,94.89512683529279,3.402098315945533,0,0,99
291,503.66193126398775,74.66934389954889,15.455343287190464,1,0,101
478,2664.2053174651796,65.56238627874549,17.164827269982958,0,0,78
95,1402.6297584516954,66.30138675573848,5.883118412226213,1,0,98
259,1715.5423848537173,83.5391265976468,8.734747167002375,0,0,94
400,2005.9302509832849,15.157387116083031,10.47281512230755,0,0,17
279,2053.2464832621304,52.95166073872647,11.133210012305792,0,0,57
344,2798.634189783699,71.22365813477207,13.530313250665385,0,0,81
126,2991.0007813644256,60.74794228198855,1.7904614337511056,0,0,51
16,2174.4645097462735,84.11401174721298,14.708064571946323,0,0,90
146,897.3025671551949,11.865812356078392,2.1774491326087952,0,0,11
380,2645.2695867683137,70.61659875242077,9.89748278578449,0,0,79
185,195.20169789524675,55.732634386548185,16.72575157581469,0,0,66
337,731.6885159797638,41.020282078094624,9.57309095228953,0,0,48
324,2697.2878665179587,37.32612331223293,3.8327052265967074,1,0,50
224,805.7649675960971,63.97910011354832,19.715643055113233,0,0,61
486,700.920625884158,89.64456059120516,17.896423779411002,0,1,156
91,457.46961476372934,52.13671297960595,15.654959031275267,0,1,86
232,2584.3796850584035,83.34870058730742,8.818720455084998,0,0,70
487,1525.1718646137058,43.204856275176915,4.493068810896657,0,0,41
381,2040.9349490097566,14.727473965351772,18.886812446951524,1,0,25
432,755.2458330213375,10.843044963570662,11.114671403825641,1,0,17
492,2286.2192419830885,9.87676527574937,17.194753747362217,0,0,10
411,2292.0163576381906,41.11426348597865,7.499805109429089,0,0,41
452,972.1641734794854,37.037586329404995,7.370478024509941,0,0,39
499,1261.5137673803345,73.2040172441441,19.725269132806744,0,0,87
112,668.5863184190925,75.56804265056225,10.914827921402146,0,0,78
282,2930.8550188025674,9.831127039205285,3.6732130533541794,0,0,8
23,1954.5276023223144,26.00670997445642,5.173818881899441,0,0,26
168,2806.9044481107708,31.05487576509547,10.156941308461695,0,0,37
161,944.9873537059428,57.0231384935669,1.8069472992798155,0,0,54
492,2356.578193340825,18.728946271160275,9.788145722187709,0,0,19
117,2309.282999459989,17.724415843000035,8.959875999522424,0,0,15
197,2090.3841730062977,94.65994447475602,15.807389041070252,0,0,81
310,2898.634977037061,81.3992761932892,7.743897325295594,0,0,94
107,1210.9882415136308,22.16221569866118,19.66842646925239,1,0,31
140,435.616104589784,43.62394175102164,4.434628466717159,1,0,62
302,2031.5411347699792,38.78408992946873,12.228747014394562,0,0,37
180,2201.463911407758,80.14538703621369,2.7042866431568378,0,0,95
433,1746.4286917035033,53.4702270654216,14.943415695885658,0,0,45
483,660.112784743519,17.145725014379366,19.900320073177458,0,0,19
192,1538.1450279245983,75.20424599984317,16.563634117281012,0,1,131
480,970.9597228789318,42.7043579313673,11.558367273685723,0,0,49
373,1311.0262580917326,29.97780352505397,10.21008579059415,0,0,36
48,1953.3947987417584,40.67236909196841,16.86556926407009,0,0,38
24,2248.383490937962,52.28687354265515,18.78350760950376,1,0,71
385,735.0628381589622,37.5959740596159,19.794923990163767,0,0,32
13,1245.7098139085124,27.981048396216995,8.534245323725198,0,0,31
358,844.026634425306,42.857692736378134,19.827432021095735,0,0,37
479,635.9632608925139,6.821426521240333,3.9625987913027982,0,0,6
418,2360.992298987723,78.38729537914982,5.8174457427062745,0,0,69
406,2732.295448589128,21.23976488892065,2.691306369944028,0,0,20
219,1142.1849477695014,9.170938294910538,6.163031813205151,0,0,8
170,2266.2728269026125,67.10137582598253,15.590813480742211,1,0,110
25,2696.1361036250128,78.52393223824886,17.205562805390546,0,0,90
435,2546.066421064183,82.3137675013201,15.798960256948863,1,0,121
117,589.2994961907165,51.88337235275699,12.99024978518623,0,0,54
391,2871.061050464416,24.509977545548605,10.765363737930265,0,0,26
459,1161.1954992669143,75.03662933873355,14.465381495059283,0,1,143
320,1050.7599504628172,71.47274232966203,8.425837436077213,0,0,72
236,234.17241546945198,28.395719739801457,16.984858678494334,0,0,29
179,1484.212279609405,90.82373680696533,13.866611785558923,0,0,96
43,371.5901661407397,14.915288517868754,14.258289271393762,0,0,16
423,783.1924717359067,98.35538276117595,11.182783869452354,0,0,92
260,984.9807342134801,86.72354204285914,17.81935070001228,0,0,81
256,2436.0376543004677,70.35037132051214,5.788279939901997,0,0,64
278,2632.691518667895,94.18123938658412,8.241805413859964,0,0,96
150,942.2756365113355,73.61956099075223,15.775208823876092,0,0,70
283,2583.159457671493,23.093414717854362,10.362229026457417,0,0,23
425,2578.8312652408836,47.004833120717116,17.895066255059625,0,0,45
105,2305.7203036353767,11.792787311505359,7.581587075494194,0,0,13
236,482.7505863447855,42.017455117370965,8.01727320757325,0,0,35
388,2086.4523983571507,75.45228687503483,17.88597999834588,1,1,176
48,2837.820990512678,41.71211833842765,9.82303608345878,0,0,43
311,2063.494412363113,36.37794666947274,10.806367099847249,0,0,35
38,1028.2697048681102,61.55879363847963,7.322510591377909,0,0,60
455,1526.7089864209522,87.85943025489503,6.256728901402557,0,0,98
486,1954.8888778856083,9.52040329188068,13.463025505929448,0,1,16
327,1556.1827057490855,41.61969129647486,3.2769725692828735,0,0,48
254,403.86117810636097,20.032870472449957,17.706180182475276,0,0,23
245,970.5889317234609,71.05865381952762,15.80485959853705,0,1,132
194,2417.068290133216,15.043833240957813,4.624217010410253,1,0,24
281,2591.1832359817763,68.15673706512322,14.186378970666743,0,0,71
449,455.0350965109322,32.18718272580119,12.450025504427062,0,0,33
245,2859.5409195762377,23.897097305036347,4.506165963996239,0,0,28
248,1020.0267226533975,93.95349299337362,6.190866614954417,0,0,86
386,2003.825529255624,6.759834790865807,8.770743570942853,0,0,6
275,2267.8841805722095,46.58884082950905,14.285611969664004,0,0,43
423,2445.241392181756,7.054564283870409,13.135744767523112,0,0,7
418,2839.9616215664937,50.94133956991126,11.112462105857261,0,0,45
368,973.1126666850266,52.59950089046973,15.59980031916665,1,0,88
349,2582.5940409270856,35.557934782500965,15.400817052517153,0,0,34
398,438.4763651368108,17.55536886487725,12.739323927182863,0,0,20
74,2129.8706737430985,40.75681608477515,15.952811584311679,0,0,37
487,2238.8343020662583,68.86497929359376,7.351004120804975,1,0,98
186,2049.2835615438953,79.32760182122362,17.743741038129507,0,0,65
12,794.3284715987013,55.42130722687352,12.683291630236873,1,0,78
438,2625.47728369485,61.03426747177678,16.624906762436183,0,0,61
151,548.1324669426652,24.058555256842006,11.379302991015395,0,0,28
385,208.22263498645097,32.29638165662669,5.1503266547849265,0,0,31
167,2166.521722305141,20.38008295497405,11.305792444887864,0,0,22
333,1452.6533599365644,28.683058250438076,8.051121611755175,0,0,28
155,2554.839158878094,26.364244121425518,14.252481684704795,0,0,22
455,1181.021566121864,54.34763470716757,10.04008204295998,0,0,54
302,546.4218360977528,58.45543180011929,16.886143293626066,0,0,48
162,2517.5044677861156,94.77000497804293,13.883377734116417,0,1,185
441,1669.2834133382114,23.57921147464469,14.006344227595156,1,0,38
202,608.1275875515469,65.95919246534211,5.1259513363302345,1,0,96
446,2175.132795830015,82.63963055381467,19.700745563334518,0,0,87
472,1557.7852335440266,58.22293905938999,16.99182897615829,1,0,78
82,1832.7232976089435,29.225346987602194,15.991092806653198,0,1,55
408,1409.6500977094165,29.94227185190002,7.274089278040521,0,0,34
314,2494.6915022631188,8.729040041744991,11.177001404097407,0,1,17
386,2497.210011264997,34.017201522105765,3.604960573412244,0,0,31
353,2142.697024381939,75.7373495053211,11.231043556591413,0,0,69
461,360.9340633195637,9.514186934675486,3.771895683182458,0,0,10
149,2524.618892617003,25.833051837958912,11.507719035802422,0,0,31
196,2029.488292572084,72.09208736051929,13.325715722943206,0,0,84
302,2106.2212897126838,79.35189846817327,8.413723377748145,1,0,115
70,1120.7993791914214,48.2552489558832,10.472352688294572,1,0,78
494,2643.87469066317,71.31706215547165,17.637414365817133,0,0,83
436,2189.8462206928293,41.85545602221474,3.062699749353378,0,0,38
389,382.1418762611237,20.191758277292116,16.042924966993404,0,0,23
207,1252.9452014981798,42.82420188467612,4.244336468927732,0,0,39
304,2664.822067782418,60.09694291929857,1.6974516732879394,0,0,56
449,189.23027000726805,95.06506177602458,4.525917452155908,0,0,84
328,2886.179027944046,11.531340448424345,15.535820609439304,0,0,12
311,2053.52957654271,53.20243891527126,8.69739539340034,0,0,61
353,1912.559134047961,36.24737893001881,17.577889820077456,1,0,55
20,848.1498066395746,53.28961095628598,10.96944328246305,1,0,72
71,783.9357767805724,7.27766750077051,1.4227566866002883,0,1,12
342,2829.0717474913567,34.73740869665023,14.617558582436608,0,0,36
235,929.9037399906621,82.88747401506548,3.0944252657034212,1,0,127
162,2337.7406253210484,57.624464716190566,15.998213035776564,0,0,59
208,1209.7093047108835,47.805336817531156,4.19394844629842,0,0,40
61,460.79950881487673,32.124881812957256,7.5634813303047554,0,0,35
269,81.6101282013089,33.31403966517881,15.464157162881847,0,0,39
68,1655.5591441949898,41.394636191105526,19.13039579205201,1,0,62
81,2928.5475147193515,84.37921744663323,8.057245062287915,0,0,92
157,1138.9517717371532,96.8852546467855,16.75860418377978,0,0,113
358,1103.7173852794822,46.67226122828558,4.625053044040936,0,0,49
72,1065.0702726558543,42.36851968103738,16.33641563384733,0,0,45
319,1585.6043200493323,85.42232370288697,13.49238712586877,0,0,93
382,1349.961406101666,45.556005460448844,4.6621266370350005,0,0,41
252,2645.748148844693,57.44172636808686,6.74757524667682,0,0,59
375,1541.2863355842965,26.93945813688072,3.5036468833436842,0,0,31
339,1547.885622656278,75.63274089901215,8.276373210221953,0,0,69
116,458.19620442564195,55.538890235724274,4.869324181342271,0,0,64
235,2949.0816456856387,81.85828227283245,13.235961118978997,0,0,86
322,787.4200280630475,79.16960935272363,19.895596980190614,0,0,77
227,266.42399900582785,25.425452985652715,1.2281740986010186,0,1,47
434,2006.281434476866,72.98537730298743,11.277476452458675,0,0,70
250,1806.3307919627744,81.00516875538028,11.899665353431185,0,0,92
268,1274.6796792786,37.88018787432753,18.369967003935425,1,0,57
385,1295.4670899480002,21.39786572571608,10.614101360571814,0,0,25
271,2365.938567086972,5.250054780060877,11.330326973253431,0,0,5
14,627.3522882939648,47.83584704384908,9.961403225239383,0,0,51
270,2469.7472908874247,38.48110949618995,6.109181786668147,0,0,46
63,1963.8039859903035,57.71643421341385,2.0645535317293597,0,0,50
56,1285.960832649597,22.863903795934647,8.764495961986885,0,0,25
224,1401.1844189224125,86.66822702831514,1.9992379535728921,0,0,74
186,807.1092611989826,29.48674548467042,11.459356919852437,0,0,33
18,2268.737281456076,26.51081248332675,6.8385792216035695,0,0,28
108,1562.9804898005398,50.66783536601381,11.138445628983128,0,0,60
29,996.5209011120386,52.390847255706056,3.551642323508547,0,0,60
387,1808.347841494803,25.43309673458382,18.719969349047833,0,0,21
250,2987.416633551403,30.826769038962,17.99590362744876,1,0,42
70,1334.023724986834,21.12199771974827,4.609933674843406,1,0,33
388,2766.0396322969277,73.25371694070084,7.5254413825861874,0,0,74
499,1067.7996777774702,78.15845796913779,12.656362665187611,0,0,68
428,211.46148542870836,48.921207258631846,2.818037938812219,0,0,42
187,652.5142137868652,72.83826715507666,7.736788601206865,0,0,75
347,1285.1506728166685,74.91386223405732,5.771133449561116,0,0,61
71,697.9230393539785,18.136175129391816,18.394817845617236,0,1,35
154,50.66976274385384,96.78691235928099,17.1977020894949,0,0,109
225,2749.2545363552053,82.99803497416094,12.016822084070412,0,0,92
12,2539.4442631312404,24.42592881360323,10.88658040055991,0,0,20
169,2239.7620828864938,22.68567839587667,18.683790096362547,0,1,37
236,545.0530571557845,16.937808830060362,18.71612787659749,0,0,17
495,405.07254981945886,18.145963441482245,19.41727238168155,0,0,22
278,249.4340109435303,76.07537090772614,3.3821987980555654,0,0,71
129,2185.8861068801175,49.61715441040424,4.050598404500234,0,0,47
390,2789.9834840292615,79.37874641028739,13.857997274917846,0,0,68
98,1320.0806716934592,75.89421496326952,11.287255055587053,0,0,81
338,401.4649823883421,62.43820778299605,1.3508521929714834,0,0,66
77,1561.5588211597144,70.20482762497456,2.177525683800868,0,0,59
407,1079.054127002959,6.743793816018471,17.873527262917296,0,0,7
366,1155.7335268324932,34.61887644647709,17.50854511524834,0,1,65
107,1882.9253412593364,65.59310702964396,7.788147517924858,0,0,65
276,2170.218434123497,5.887770581193199,17.929961721680158,0,0,6
114,376.2806166758245,8.132809649846374,12.279826413560134,0,0,9
449,154.99118087910534,85.92935833468641,16.312207293359137,0,0,92
332,2983.274392922859,69.98236186074682,9.12119035204407,0,0,73
132,736.5486293008779,30.210124646432675,3.154568219553266,1,0,50
485,208.80004847995428,70.35646981127735,9.240814190274309,0,0,82
38,610.132220832964,80.28338356823001,9.68869616194106,1,0,117
146,164.92564672796945,34.14545689545962,11.467939682971457,0,0,30
204,1205.8421391206564,8.423550862422807,3.006071545184132,1,0,14
418,2417.0852641314063,93.61401684533477,19.83663539794262,0,1,158
235,1056.6711267852756,37.792084638084894,5.638599595331221,1,0,63
341,1360.3410502911813,15.115767512047105,4.772495667204765,0,0,12
179,2042.9809820239445,51.726402782349,11.009255458262794,0,0,60
18,1551.2375067061466,78.0044405880927,11.206955408502884,0,0,81
472,2591.2647737629063,26.05649488866812,9.356594018831641,1,0,42
49,2604.805241384982,30.60155476266952,15.665950780179836,0,0,29
34,79.23655169890324,28.057923745865402,10.81643361384345,0,0,34
270,2345.2366041254377,99.20894001900943,12.584213647754698,0,0,88
404,1409.1641207129378,23.75335470440154,14.751181322747925,0,0,22
452,2967.079596845806,59.67442061178178,1.4754769297134658,0,1,97
235,1475.5346238325337,92.90014095741161,11.842239468355851,0,0,109
481,2961.3430388954775,18.95517404338903,17.799694953339017,1,0,28
133,2275.979615556923,97.23114879743152,1.3303861155832442,1,0,153
472,783.3844096092537,95.01033726758433,8.698459972218261,0,0,102
47,1638.2651888965252,89.03433877053494,18.59832155391077,0,0,102
337,2976.800136461819,25.382869526350213,7.709933643368219,0,0,27
260,2579.715292868175,65.23523032104342,9.715847659804576,0,0,67
398,337.2323366841022,77.28468993131781,19.649286467841943,0,0,84
185,2133.7973905894883,98.67265317866082,4.787153320060902,0,0,109
99,1069.4597783188985,22.14026309773019,2.239848593375113,0,1,37
411,70.59767254702695,77.77246045433316,17.32902922636478,1,0,105
463,1240.2688586296488,37.18611114307573,17.500841483035003,1,0,49
46,742.5255440886654,21.68451422896022,9.969478858920251,0,0,21
325,2465.664348035391,45.03080941531622,10.769936315068438,1,0,68
185,1045.1252960950083,80.41441165411855,16.880321022738883,0,0,84
470,2491.1948971637603,49.160731351884955,15.032630464200107,0,0,58
293,51.76391956264616,56.06469451928961,6.037831042123202,0,0,52
462,958.0664925770515,99.54014396901151,1.3209737463588507,0,0,110
470,761.4373822078977,42.91538345795547,10.114303088137369,0,0,43
90,739.0237151524024,63.463071697377785,17.319334195817188,0,0,56
123,251.15052830811496,39.69819915346033,18.02085885711308,0,0,42
49,602.0165977109801,42.31463640122697,19.168297744446924,0,0,50
310,1688.8712311625786,71.08587157731377,17.711701514642844,0,0,60
233,909.5151648713462,94.09926272901393,12.020827550663869,0,0,94
327,1281.3146078709865,56.524100296770534,9.447506385485916,0,0,46
358,1161.757297024206,77.99799325013409,15.722147084147881,0,0,72
124,2633.919528749689,13.474623087611564,15.056611052946332,0,0,14
195,2720.6320470810206,25.060013556033063,11.224725171547632,0,0,28
332,1504.2230663847872,52.702505887355585,2.6592200786109133,1,0,84
65,1023.960053431033,6.901113744733605,18.595545588951456,0,0,7
49,365.0620768069727,29.021222982443085,9.656448212531581,0,0,34
363,2862.5384941771804,54.153122533371786,7.903341856409022,0,0,50
49,227.6694874558775,6.421313834348568,12.961780508206662,0,0,7
356,928.0683188264273,30.13189719147396,13.80292126217256,0,0,30
470,929.2952934515123,53.832927850207604,5.0030704235757275,0,0,62
246,995.183794113634,59.449178558218335,16.901838051389166,1,0,96
298,534.6461876536073,92.94641084025402,6.508804779585179,0,0,108
271,2360.3262212249065,66.30783420880775,4.546994592372018,0,1,112
225,411.36869279966817,44.39990124034941,8.72159720423545,1,0,70
156,1922.9746445018302,93.38336182764144,14.88064153705184,0,0,102
345,415.3457787821615,79.56388342184046,19.343705390356266,1,0,127
177,258.08013089922184,24.00084750571102,16.37634402305723,0,1,43
101,2732.8170358733355,17.430024328137876,18.866619175733643,0,0,14
362,610.8798606401817,69.20210539555963,3.6715102774540087,0,1,118
68,2472.6879559511276,58.18890072981346,2.3523591784098588,0,0,54
68,1656.6610697660506,80.01899331031179,11.596390476226752,0,0,91
313,279.67673284587033,75.18647975747521,6.515652177836653,0,0,85
178,2868.5721647422993,64.39509571646393,16.733044486416183,0,0,54
278,778.535442626083,98.70630630474476,13.767769556644195,0,0,116
372,2585.9537687901893,55.691024360488825,19.443835115730096,0,0,49
54,547.9895170644643,15.745046867663385,5.84105475889478,0,0,15
354,2569.131502318466,83.68598865751889,10.229898172749415,1,0,116
190,89.02499807061726,28.926069422842353,10.523569071081711,1,0,48
179,1559.752346879968,78.84370407367224,5.544359102290148,0,0,87
365,2319.8556092935924,95.92517412000488,12.211774590272148,0,0,90
200,2807.646776603711,71.19557382661242,9.422433735505551,0,0,76
164,2732.1463018091367,61.622865290231104,9.487709563807599,0,0,54
431,2467.8933651655525,48.73668668912885,7.891996311477189,1,0,71
197,2670.164481500847,39.61893726956331,1.321657696085166,0,0,38
16,637.6980732193757,38.53545134232444,10.91980950138099,1,0,54
142,888.3436723495998,65.45540704241111,7.369708878306291,0,0,75
244,902.4571485171226,76.37094610908586,1.0250775107022638,0,0,82
54,1162.3090964550115,69.45912160101936,6.850930445576708,1,0,98
323,1210.2959776363066,23.84895961338846,6.293938328705383,0,0,21
258,1656.4382077312928,51.92878211363166,8.47551491124908,0,0,42
40,521.6453019310021,80.20580685739098,3.5051878032245423,0,0,75
32,2089.1776581686686,50.191887427960346,10.645992668066604,0,0,51
435,544.3212909482941,55.97921157487192,14.156366697844469,0,0,51
403,965.4100222084152,78.2579245762281,12.973525812036877,1,1,186
169,1534.8681352881545,67.8202040951837,16.271344003814622,0,0,65
372,2399.499656494258,43.8877674838273,9.588157471754542,1,0,63
446,2231.4342380542453,90.0642075634508,10.862742876454837,0,0,106
167,1954.3263514110406,20.443871523030467,16.397636876320682,0,0,19
48,509.53111871150196,99.57406261608085,9.126322245565532,1,0,145
424,1663.7837695659543,16.29099495524253,14.330387648092342,0,0,16
91,307.96718030966207,6.420247254902696,9.257445005641845,0,0,6
365,1163.2213715501198,89.55179560913264,8.93698769571969,0,0,79
267,1269.8737643553795,28.270583294765828,15.443906866054046,0,0,26
215,167.44374636497378,74.32146460743849,4.3219013938580115,0,0,85
86,858.2648934364169,82.04646061854659,7.433133466889898,1,0,132
486,2869.1659284361435,86.6037071480511,5.259273258191134,1,0,136
21,2863.216193097584,99.20145238809583,7.823088916384346,0,0,97
304,1089.364810044991,32.93377245379991,5.377121624954457,0,0,33
459,177.14532139755596,72.47311748308962,12.008706990646438,1,0,102
233,578.3300710181355,15.962986536678681,16.16524524973906,0,0,13
22,1207.0424906289434,43.646882678900695,15.945648163140135,0,0,41
55,2845.950109009228,85.55731086469609,7.925518326427056,0,0,85
164,466.5372374346955,39.927514375615296,19.786447711990974,0,0,33
122,2302.3717388212262,61.15406115088334,12.283232929410214,0,0,51
242,370.61349115534165,52.858477153840234,8.5886057337876,0,0,48
26,2944.7098533042667,66.36539545564429,16.875246305587083,0,1,116
369,1175.7686723719482,97.42496699183101,14.867606240210176,0,1,171
232,2336.941889752215,10.294875017633203,15.236231399657983,0,0,9
363,1060.643694292839,59.52634416265482,4.72664764494356,0,0,53
197,1901.6231876184856,86.98773402877706,9.898161840002548,0,0,79
457,616.4474499831083,50.73135761610061,17.374734485667453,0,0,42
353,480.7620069260395,12.460082664449418,10.576722144946388,0,0,12
374,2817.289211725987,58.25123847959323,13.985602124999957,1,0,77
172,2757.0594698180785,36.547019628262944,12.170740927651027,1,0,58
335,2668.033373628003,19.71946960710391,17.00477896664926,0,0,19
476,1895.0286779914506,85.65827876192994,6.40665595547045,0,0,80
423,2434.391223088021,54.551953734156555,11.934030279840933,1,0,74
464,253.658963888556,93.66125917601133,3.3414586921862757,0,0,83
83,1037.6276735775036,81.57156793729156,14.114004757289889,1,0,114
242,975.4242180336108,70.8323204084984,14.907388928701529,0,0,85
233,1925.153699760209,5.477422819704634,1.8139091025909697,0,0,6
491,1100.0754317383894,45.643228380633744,13.840028308931716,0,0,37
328,488.09500584885836,23.761196756943068,8.87911292914994,0,1,44
421,1809.577872469954,91.52580154964244,3.3578406460839645,0,0,83
69,2452.4325659737906,21.585478544254226,8.978243406270884,0,1,35
344,1177.2643086569208,32.175704907632124,4.690425664216052,0,0,35
231,440.19270954052104,54.09949293477742,8.895631110343015,0,0,46
46,630.230182072828,30.01954380481753,8.302441531212025,0,0,29
486,750.5757502496828,24.93714434151651,15.029441101785093,0,0,26
287,934.6978993338819,61.91443588476148,15.710095605160816,0,0,63
205,1946.245457993612,13.448304661727267,12.533544433306387,0,0,16
413,1822.7891793862711,10.52593707848785,1.4310500014665033,0,1,20
361,2103.4355916227655,40.36330304267678,18.689423302348885,0,0,45
493,1119.3808543679638,73.46312317824692,14.038432321832506,0,0,69
251,2480.793073045936,57.70664203602506,1.649713548502588,0,0,46
333,652.0586004094928,45.17326450434399,16.557825085068238,1,0,72
228,1433.6702051785542,58.74639860133533,4.8050569396419265,0,0,70
201,2412.7692285472194,39.71789104206099,12.005202601851028,0,0,38
26,581.4680108112268,93.93390186605073,9.866053029053555,0,0,112
21,374.0961855353097,10.215964636523562,8.976936864746456,0,0,9
415,2656.8677046795697,68.97219050783434,17.904560682363552,0,0,63
410,1061.642505139628,89.6718531586363,9.309864539689679,1,0,123
403,2067.416868481644,81.36904732984908,2.431538233889864,0,0,81
383,124.77838257861852,22.48389830803744,18.986135817084097,0,1,43
202,2085.6383208078764,33.113003153127394,18.490169393552925,1,0,48
31,982.498869063563,73.11955417717495,14.004221102050376,0,0,85
483,214.43551808295314,13.005703122172726,9.889958034508474,0,0,13
129,1848.9476465669452,82.12686148409549,2.7643299859269037,0,0,81
219,760.3712574158611,73.29615973745508,16.024214252972047,0,0,82
315,1191.081364053046,74.31263167735754,2.43408037405655,0,0,62
279,287.7133962452151,14.522930175421182,2.3034187130077672,0,0,16
201,484.1315907300887,73.18725175754193,11.210293006347994,0,0,66
184,929.0328447127391,69.58272189589715,4.042436563508164,0,0,63
294,314.79052665246354,83.93763662807581,1.1468750794666307,1,0,129
213,2736.93748082463,8.951615844364603,9.039155188919938,0,0,10
173,67.83877739273633,7.1955135044402585,3.607127400591253,0,0,7
260,1477.3876456497187,40.43567448846327,4.0497928903331335,0,0,43
236,413.5800014910268,19.134886965669523,2.4613021359713585,0,0,21
445,957.6533139599482,58.04652536917108,4.896781320748589,0,0,52
390,2781.875701463883,92.14814564314113,14.594199415713398,0,0,104
469,526.9989321582611,42.190574381731494,16.369618837138034,0,0,41
16,2899.205343169081,85.27028584089739,9.598139236556712,0,1,142
38,657.093412118794,5.022883079197315,10.624522501746936,0,0,5
404,2237.6200199771474,21.0088911286225,1.6204456572898494,1,0,29
42,1662.6979314470695,7.890236267138134,2.3170089660550204,0,0,7
143,2659.2122464104395,36.17398214893152,5.893786787340821,0,0,33
376,1684.2801037342363,91.27801159116777,11.334069993549804,0,0,80
88,1626.9496965111105,14.210451741903837,15.051471825964866,0,0,15
425,626.6011010867796,62.60892879066103,12.495058165422629,0,0,65
444,540.3766180523933,47.892114216347196,8.450429244748978,0,0,51
468,2753.642995790767,94.15448017475218,3.2481573870596256,1,0,135
67,1017.1226866076005,16.639318541023915,15.834691462856599,0,0,18
480,1147.642652140543,25.14264579771175,7.911934980382084,0,0,21
35,2291.4797923637457,7.806487018091861,14.985026275173002,1,0,12
491,1049.5292731472819,46.223848714980505,10.746597996372495,1,0,65
439,2858.584217585058,31.394125458642158,15.03457901767468,0,1,57
235,2226.886918546461,87.64106371958049,18.238501667598864,0,0,81
294,1812.416265591589,62.46937725378673,18.499560805022238,0,0,70
13,2648.64072360702,63.33862010769166,11.167028820011465,0,1,124
474,196.33742963097413,55.53151620372373,10.718658930547136,0,0,61
108,808.3349419581658,13.725782036774095,6.0478908445539075,0,0,12
406,1421.8571859516844,47.27677495390875,18.780196799056537,1,0,67
498,719.586691440987,99.95299302230907,9.700464176792797,0,0,117
48,2244.5203025413484,84.34678263037141,3.4242335464601656,1,0,124
280,2761.6636916084894,89.87861014587601,9.221393377904448,1,0,151
384,1300.121853796224,83.20650412841745,3.4140117545220754,0,0,80
294,1059.2911703300902,14.788960875943355,10.548102000884427,0,0,17
166,2886.5746598058204,26.607584136155964,11.664234782268032,0,0,31
84,1362.3146768412455,5.296556878858914,7.417359468378121,0,0,6
381,1492.6927813253856,33.83346186342059,2.3613616703982085,0,0,27
297,1087.3671234086207,15.317703222916794,18.926567177031544,0,0,15
139,2733.1679953858084,49.91536780365038,15.693709156185163,0,0,58
184,1728.4186756814597,69.32711141452069,16.938740529597297,1,0,115
471,2298.415032185852,88.07800302861732,7.970499491438359,0,0,77
93,2444.8298191351146,76.17563068363533,15.45578957036956,0,0,73
31,1058.4546736559116,94.165631598958,10.222085008214691,0,0,107
468,1329.398277395121,10.120337587409935,4.820586279714873,0,0,10
36,2552.9917344984806,6.157084364571437,3.3640441612370524,1,0,10
204,1121.6032874436403,67.8271208144402,7.555966517119081,1,1,165
346,2392.1086436829614,32.488478971113395,3.613490118027654,0,0,38
391,2825.9273515945893,29.08259653004845,19.967110547877304,0,1,48
245,1888.4706005506205,36.43427333091046,1.934590814408419,0,0,31
449,2237.800497983072,30.630625499774595,9.381728388012455,0,1,50
101,2425.0370705213477,53.58645859865079,9.589776925417299,0,0,63
486,2542.8669642450955,46.81410248629258,6.7120066430518355,0,1,84
30,1215.407346677548,53.68071238078235,11.855679748431962,0,0,44
312,201.2272045691946,68.90779309254144,3.849563458879349,1,1,154
473,1235.5350001483816,41.77739835225909,15.89433523115744,0,0,39
366,2037.5808778630649,28.874230278504896,7.316506646705128,0,0,32
452,1378.5336380533388,20.78905099683082,12.235509206174193,0,0,23
93,2259.4412950381757,38.200041355599424,14.597145485272227,1,0,60
271,1103.0981669325583,75.47161514838635,17.891800236113063,0,0,61
156,1922.4952162568873,76.8869664605896,16.8799612925918,1,1,189
450,599.938424319225,68.35601173499998,12.557871533967631,0,0,61
462,2260.639838102623,27.232676654153085,8.379470427293851,0,0,29
396,1659.8031079984262,60.86819335619628,10.560888731424315,0,0,50
266,651.9899462124718,59.215517849800555,15.605961074197248,0,0,49
67,911.1379618185314,51.00528882042392,17.673365308629986,0,0,41
389,2258.3956903164053,57.2480037064671,2.9718566353567653,1,0,87
431,1473.6736452014861,51.720110099248465,8.312268987368016,0,0,54
24,687.292749159563,58.71835477704028,15.746215369856511,0,0,48
171,2903.450011592378,72.97306568900723,9.20138348928526,0,0,67
454,2159.6188084598193,15.414678468326775,7.312327517259393,0,0,18
172,2873.547755992399,76.21444645415725,8.815131239642122,0,0,64
329,1309.9598838130125,17.90918426212145,12.454050188940665,0,0,16
290,1451.5460050405754,11.329659848985596,19.99629773854223,0,0,11
289,2698.9678877458064,97.72757019103942,10.366856152986104,1,0,160
21,1598.8955537238846,95.91421804269194,4.96139502413095,0,0,87
283,2136.472790121718,10.741471769353584,4.094084930302801,1,0,18
280,793.9099886118134,47.109076940121405,1.8046452020518715,0,0,44
217,1367.8430826727897,22.6932691384786,11.617527463448107,1,0,33
36,414.17710414054756,51.10776522776972,11.34686973828785,0,0,43
81,657.6411058370369,83.8668380849608,4.899444608825874,0,0,90
69,52.78307503951171,95.30811860057457,14.211258722598773,0,0,86
439,165.83190236354767,65.25400207789605,15.081033790963934,0,0,69
482,2932.9872783719416,38.62103838512262,5.922865902260114,1,0,54
154,764.9434006534487,62.31592873623685,7.537895516564994,0,0,60
102,2006.7665930368057,34.64012408030278,19.818961774597877,1,0,57
318,2525.344111458854,91.43324587904573,8.11102488916395,0,0,100
17,1674.4483547478646,87.68804399505451,15.455231763365934,0,0,76
88,501.77627524767075,58.032016276567795,9.60178310596886,1,0,90
36,2197.9434901416907,35.85589696113425,16.07355172935854,0,0,38
183,1820.74165979377,32.87201918038294,15.61144153687031,0,0,27
59,2207.1892385747565,8.174709496980649,13.687364478772176,0,0,8
208,2320.7525374284073,82.50298084740305,17.240788579616005,1,1,182
396,2927.460584669998,47.786405238705754,18.845151402676017,0,0,47
358,1742.0116760787944,35.88762819802512,12.019683088589595,0,0,40
457,1057.8412824372754,49.75548372478662,5.511909237232168,0,1,83
437,1962.9704428556993,82.78010909319194,8.573950271237425,0,0,70
190,251.90009226574708,16.83834973221451,15.407808556752572,1,0,24
33,2697.3220890486796,86.47731888297359,13.366786217353521,1,0,145
325,402.17398344768054,90.26333933529364,4.3781684327397254,0,0,99
387,1017.1363717631639,94.93725192821938,1.9735512817820693,0,1,153
396,2456.4488728470565,42.76135928014964,13.976270277299232,0,0,41
413,1812.0715160756,25.62833838357883,5.770501456557562,0,1,44
55,1211.224784818454,40.495877754336355,10.493734630852016,0,0,43
24,1446.635195156313,36.62664914198331,15.18818867773929,0,0,36
162,2570.914809946432,21.734621687771707,11.69066883247033,0,0,26
231,1053.0129388766818,62.690333659641354,2.5827490791241314,0,1,106
215,2615.466570195905,50.27929524831974,4.526024498887553,0,0,52
464,309.9965713812399,87.24159427078035,5.167235496587463,0,0,94
282,2341.555389765461,8.050410145795535,5.899420819252053,1,0,13
391,2550.2655175114724,66.16745311773701,11.742664447059582,0,0,64
245,586.3620758701493,77.4801434585983,10.575349816682476,0,0,83
349,1319.5222704979913,77.15122407288916,4.860040728919969,0,0,71
237,538.2243352577841,89.17702687407488,2.2835420256580545,0,1,158
18,2134.4821805329425,74.25820556880194,4.257211885019643,0,0,86
175,1629.2759157818873,93.14195585653115,19.703244939753464,0,0,110
441,1924.203872789547,36.602376982984694,9.902392046037972,0,0,40
453,629.6365525208229,52.80489459139659,17.479564589340136,0,0,50
328,674.6502930546376,6.337568011874614,17.126296866708024,1,0,10
223,172.4171102542238,5.660970793812665,10.718871591794601,0,0,5
126,1000.0992288274027,27.81202894289439,14.427066460750327,1,0,37
395,1701.2467509343412,14.5766837282131,4.662288197841534,0,0,16
353,2580.90799629212,29.720079953896594,14.079537393611258,0,0,27
81,2017.4359700031082,21.819112980197755,6.175307006002501,0,0,26
404,1334.4191540292668,7.709402359671582,16.809179838328866,0,0,8
73,2861.7043374627065,91.38389390857469,2.5907585290692885,0,0,89
214,2171.773341698704,5.7811974819446945,15.689634784820273,0,0,6
218,2793.9873484445225,74.92780371202312,2.898801224803771,0,0,83
81,1606.3845211528887,19.45404925735407,17.74259550099187,0,0,19
286,813.7676106397619,91.66181408996201,6.7798858445650705,0,0,81
283,205.83872477592985,89.81561426103914,13.43347393178092,0,1,171
487,2191.950311877359,67.12060890507945,10.262543293785317,0,0,62
329,407.84384411632567,68.86224423105749,7.959759759984441,0,0,60
347,943.1866284023032,5.5072184871204115,13.263394830486433,0,0,6
375,1620.7891782574973,98.56279878079219,19.00293663047352,0,0,82
104,1715.0289339502556,88.39409733970237,1.7841252001178152,0,0,105
175,1821.7204311120513,90.03509144435874,18.45820426177898,0,1,167
41,540.4532245316168,67.62823101983284,12.572551445399258,0,0,81
20,1170.2253442238639,37.75475822218097,16.338971714611993,1,0,54
310,1870.7229699950517,89.89662166359568,8.293624115251273,0,0,107
226,2910.965650669665,32.69410817436327,9.965016521914661,0,0,28
298,2196.5118562140815,58.457596617509274,17.508164284222115,1,0,77
111,2771.6810834271755,14.474442372668827,8.882111426386638,0,0,12
434,2298.5255720268224,92.58578486261126,11.158531768232615,0,1,165
401,1795.5650582325814,18.373193488265265,1.383703538602325,0,0,15
276,616.4689389522164,26.36519654438869,4.013362110922803,0,0,26
223,2016.7226730829136,58.02274502218042,13.192043651521196,0,0,54
188,1888.969719581726,77.58883502023325,14.622561120213666,0,0,72
97,1827.284052848936,63.8383740639484,12.069417798905489,1,0,99
50,1494.8683105653101,27.052721716014837,3.722890689236603,0,0,23
410,1609.5369817683631,5.089589040111582,9.462703142978862,0,0,6
85,1036.605454998407,76.92930512920672,7.746800560900606,0,0,79
386,1581.9724432947944,98.59469596155391,10.417565536666679,1,0,164
55,632.7899217515109,81.94174642907859,17.536251656527792,0,0,78
169,2425.2644722131113,48.719628724878454,15.741367334514386,0,0,58
472,598.0420163611881,90.85788983291512,2.59580052639402,0,0,94
89,300.6505551739259,43.93552894624325,17.915874757716722,0,0,52
319,1336.9257777536143,54.868738003129415,9.963575871846649,0,1,88
95,1992.0069465428824,50.32732790258991,15.13338075283397,1,0,80
101,1341.264633553947,47.52426790322487,3.6607453940226904,0,1,92
157,866.4246892563604,78.64312308292105,13.743670988433914,0,0,65
170,1696.6049924768001,55.04304619060174,5.490194334579701,1,0,84
211,1073.65688946599,35.088126592395525,9.329237045677699,0,0,39
433,2801.9596858735677,29.52502592755544,1.3203945315599839,0,0,30
425,2771.8031618305376,8.585995111906172,3.880602120679044,0,0,7
251,1531.9968689176817,60.40354037888937,2.7495293693487755,0,0,65
362,1017.2577823538626,26.84633446309825,5.55513928582691,0,0,22
11,2224.540621172085,19.072722591556392,2.9003437104621232,1,0,31
234,158.3031832750466,67.11384656362938,14.146290505771676,0,0,55
298,1450.5685678287712,69.71487949304714,1.551758141975168,0,0,60
242,1042.154013097484,76.45471476447827,12.737069511874962,0,1,131
470,2765.5808610525364,52.83980515216619,3.6734487856859106,0,0,56
423,85.40893045441351,89.93518749436923,18.95806768638004,0,0,107
426,1680.8038833691298,93.95256157283164,18.72878738908723,0,0,80
86,2234.9575641465467,81.7002392802865,5.28455894789829,0,0,70
125,1480.8030631959216,65.38138079077778,12.674004666237561,0,1,114
163,301.93893898002887,33.853490591162924,1.5321010699767101,0,0,38
415,2918.7611005823114,98.37976755392101,18.703982317972308,0,0,97
112,1578.1307725594888,31.042935883234144,10.936758855642484,0,0,29
203,1861.8494207410836,24.25240758909095,1.8212398769378009,0,1,44
175,747.9988589871466,47.00464080972536,7.5074998671546105,0,0,43
368,1476.3193510650713,10.399854217676904,2.4601397753634497,0,0,10
99,1315.9910012770495,97.95697414382012,8.465944348093839,0,0,91
183,270.94273390585204,60.90118785956036,13.728600501065138,0,1,117
131,363.1730429650283,57.91044870809665,9.927908252787352,0,1,114
152,2520.543932875385,67.30064659047339,8.290721319669636,0,0,74
491,757.4688590094412,52.21724653883463,3.2639838652688313,0,0,51
115,625.1269009209601,8.04603412398145,5.65384186817947,0,0,8
384,1539.4887811879107,63.169572439837694,2.9027224670286715,0,0,54
437,2317.804037519413,73.03651831086091,16.342475901476554,0,0,80
314,232.74222980801437,44.591160759285046,3.5695567317097288,0,0,46
369,1751.5833629328547,76.94307934676333,12.312093964428977,0,0,89
468,401.67080637969144,26.565123437149957,7.512067858188072,0,0,23
326,157.56009993557444,26.02127615128748,5.293589308448486,0,0,29
460,205.5946588785413,20.334613830319526,13.149900350349972,0,0,22
132,2510.784119214902,40.339502179970374,9.683043878161872,0,0,37
399,398.0188267027816,85.46614336196293,8.602763878406623,0,0,91
18,183.19652501626126,83.65164590416111,12.26418809295221,0,0,98
271,1341.8046670715912,41.36829975653286,10.334084941310014,0,0,48
82,2539.780742228973,60.966279918122474,6.7661999624796545,0,0,66
368,824.1047106434407,73.47755006511699,11.62216446753978,0,1,119
232,1294.0522217014534,27.914643589662184,13.720472954463197,1,0,46
425,167.7714710630661,20.97340316000097,1.5071700131502315,0,0,22
50,1374.781616697884,97.34911935516955,9.851562849245832,1,0,139
379,1753.9585878795444,63.667944754913755,2.0959824070873316,0,1,107
213,1734.175808568827,98.23449357419807,4.54170286729411,0,0,83
273,1030.658741914377,37.08681877756177,11.649665947481488,0,0,30
337,980.8228829562497,71.7880114975425,17.457589390046035,0,0,79
187,364.53967586296375,26.147345471417584,17.773307904581213,0,1,44
357,1132.0550459064918,29.81401627102173,2.328936192633994,1,0,39
327,343.5092731752457,53.63070152061428,8.962996639447425,1,0,78
93,2311.458036900552,35.363721923266766,12.077123177086474,0,1,63
327,2900.5091783571484,20.924048564855525,3.794328186456525,0,0,18
120,2911.7196471667853,29.973666688985972,15.543212118150661,1,0,39
260,2601.9597431574116,8.396097474257141,15.140469910307537,1,0,12
392,1822.3368405518763,71.92024404036123,18.1634792604291,0,0,77
16,2117.553806869446,51.75108242315685,1.1612342295854172,0,0,43
468,891.3571179072216,13.953091308429935,5.117000635791051,0,0,14
93,1910.7727395092309,21.310929347206663,16.716547570661113,0,0,18
217,1394.1661708476386,14.74078112070118,13.741020965711773,0,0,13
397,1471.951152341951,63.196316786208264,17.993407220271326,0,0,60
399,2285.440853106716,13.949984543186911,2.086413436075064,0,0,12
323,881.6591490118924,76.65682163834553,12.342315348612415,0,0,67
31,988.2168544988336,6.948537335437162,11.811884922979809,0,0,7
419,2777.6932838294783,28.69069985960975,1.6778139108501149,1,0,41
392,215.8616698103681,89.61333420973118,10.756919461337187,1,1,215
12,1482.6211803193542,73.26047522161338,12.58088591488856,0,0,61
136,2742.762361203192,11.931991627940334,4.634570309840037,0,0,14
306,1850.570873063563,83.00697992609207,6.193262079368596,0,0,94
197,1661.9008689257896,51.838336546319454,13.166599579657003,0,1,99
371,786.7453287265979,85.44438758103878,9.897718004399207,0,0,79
23,1062.6626927401223,62.07027857278737,17.30225949379821,0,0,70
468,2563.542826623844,69.77413804312158,7.505253554174579,0,0,61
475,1699.6934887169516,99.38264823759228,6.066533509375822,0,0,84
21,1568.4894715825005,27.071876862781725,19.712452866552013,0,1,44
96,343.76015494308535,64.27482960233189,18.311579632471584,1,0,108
21,97.28306154261321,48.73053205545284,1.5508621549806172,0,0,45
406,2892.8713066267946,8.747935527655686,15.643843690824752,0,0,10
34,1162.1091934961828,6.374710942772178,3.096360702678856,0,0,6
310,1829.4785331935377,16.32671489269657,1.5222187017580482,0,0,19
252,285.15946590249075,66.66371535116207,6.200214803360629,0,1,131
131,2065.1871428829872,58.88049335177226,6.117571702160982,0,0,69
156,2801.071790682585,57.57580831055411,16.567056484592328,0,0,57
64,1748.212496342388,8.026392440184708,14.502677672913867,1,0,13
247,422.0402010074612,49.58378465420067,19.650579119308272,0,0,59
365,1766.0785060467563,92.83916769504022,14.51874510592455,0,0,86
182,2310.7242786587244,42.77122758451143,8.94685551186491,0,0,41
401,1248.928782893355,64.36763462990335,14.27962555795912,0,0,70
230,2645.5213564273304,79.08277418419864,19.98972227654164,0,0,73
128,1963.6147124042252,79.47290151847932,14.492695768688034,1,0,127
318,2702.7843089531475,54.331607827550776,15.471945763626048,0,1,89
192,1889.3406681796448,86.50543481322195,18.82893528861493,0,0,87
297,437.29951741423145,42.18091886955596,3.1593739649219836,1,0,57
316,963.5905477603079,89.42585540455585,14.39090157550681,0,0,82
309,645.2950973447479,27.821580807576805,17.16531320138153,0,0,25
91,2731.038168264744,31.620558664104248,19.13319340419697,0,0,36
463,2293.180198498074,10.046459298905106,5.008416504522288,0,1,17
411,2045.375188284518,80.58027447151687,10.57465114676064,0,0,91
220,937.850642913284,44.62024744210703,13.930542105245154,0,1,86
159,592.9320775481299,26.76607832158291,5.701886860525411,0,0,27
46,2281.5307095672897,27.02007637357507,12.408984401755207,0,0,24
361,1448.765940343285,90.63299441677715,5.893996867461988,0,1,153
321,716.079178844356,84.2220770437985,7.335683390101298,0,0,83
370,1869.0348355875615,57.58543410893242,9.388855233706437,0,0,46
68,168.98486380843332,63.5305260394935,11.054611876184772,1,0,96
140,1012.2022496783478,50.06092920227765,9.537951560877861,0,0,59
421,1432.2431340438472,42.20832157348684,10.370714875970656,0,0,36
211,486.4770856227472,91.9703037157415,6.67318636947756,0,0,95
252,2954.730708892977,16.933206834428695,4.020336786429981,0,0,20
44,666.8372255393621,44.75244502304165,1.899649569209949,0,0,51
454,434.54173362763333,37.733381258848155,4.723595727341687,1,0,62
102,650.4278779663443,52.3243184238591,12.056929188609878,0,1,101
447,2318.7303428211867,48.475028081791635,15.936193508259516,1,0,69
456,1305.2416948519362,54.29450550685274,4.215704351414995,1,0,90
216,1717.9770222699872,18.29230283656444,3.062551797680321,0,0,22
362,111.97701310976419,53.74844264376132,15.236516850435756,0,0,54
400,151.57236029127796,28.02978731928503,6.798008280208504,0,0,26
341,1365.1853719896976,22.51147815387817,19.078489345319696,0,0,22
314,2459.1329674447893,11.159250784688165,14.572041441597088,0,0,10
359,2661.4546921873175,77.4519930818334,7.208364897617587,1,1,169
222,305.78437440713867,45.606982481373194,6.501312208080393,0,0,48
168,1638.1711511980172,64.53114991461705,10.950269339154872,0,0,66
451,2744.0275745238478,74.12136761395062,2.503748697285979,0,0,73
454,1194.5196254737648,69.53508320478758,3.235853740260681,1,0,93
33,2497.2192027136875,49.69756831351982,4.341299745007658,0,0,56
413,444.4021804783368,41.85036025041433,15.719748272786644,1,0,57
302,2809.4137445200063,40.71619141586305,10.763289826113327,1,0,55
13,2266.698786717343,65.80463570835535,1.2007753327144157,0,0,69
229,2826.93645872136,52.00546371947797,13.796814021970071,0,0,50
373,2046.020838979894,85.66756355890851,9.050113394549445,0,0,71
391,1122.0415993983097,88.09668851103766,10.70619493431216,0,0,83
29,2817.6344589479313,21.203235910619256,5.068208624845775,0,0,24
453,862.9219901120765,17.942196896843935,11.483862339487969,0,0,19
161,1029.908940082111,64.88808797341996,19.603911555278284,0,1,113
59,2117.384833105134,33.61644606591655,2.3954491291094677,0,1,56
186,2307.6830835998894,6.764218282684391,6.3944305936241825,0,0,7
444,2791.740277355004,89.42105358948074,5.6169542643557655,0,0,103
105,654.167106715818,26.555572888161784,5.722436904272412,0,0,28
114,2404.0942038967105,93.28166191015187,8.19542079374217,1,0,152
429,2228.7108575210423,73.1562728334341,16.54408591013918,0,0,74
259,238.19394094811372,77.45208154159101,18.34431510932336,0,0,84
126,1192.3082665701106,24.13884210035024,4.842086661720494,0,0,28
363,884.1580983272909,27.248470433597227,11.316048821014142,1,0,44
237,948.2467518443897,54.52043661328625,13.101080471144126,0,0,63
75,2949.6932946863676,21.349486001736906,10.914722012913053,0,0,21
344,1946.1933697657873,34.01601080488807,9.247451489741472,0,0,40
427,2167.1446654908236,35.53893540504143,4.6475346113255185,0,0,37
429,2931.022030079277,20.16484365901259,10.276167824785531,1,0,33
271,1162.745258250034,24.492369172540272,8.623081726515249,0,0,20
304,2415.4284969357773,79.91242499078437,16.115703887543123,0,0,85
435,1331.8663417482612,20.883606181990494,15.508482824096909,0,0,24
252,2615.12433185419,7.7034522251726365,3.5459749429077436,0,0,7
380,582.9397468683444,64.78871954974915,2.681861998698284,0,0,69
195,2845.674222339625,97.71839634228274,18.254924921322555,0,0,110
255,695.3765398120951,36.46531238919653,11.174659390325456,0,0,33
134,1012.350495593748,16.272291803643967,17.298217808369223,0,0,16
277,2280.7670906150024,59.186795909915425,2.104871290761622,0,0,61
140,1211.5776676179498,91.10365005408639,11.003796713910974,1,0,137
246,1844.2235614610177,79.48586908370548,11.249103776948491,0,0,65
27,1361.4918281548141,64.13900749920802,17.35333861830085,0,0,54
49,2239.9913144148563,34.93036717772194,2.8545899663644425,0,0,29
30,723.577194487402,56.4786164612409,5.568465709842277,0,0,51
408,222.45106234878716,13.668259923904259,8.724227963853249,1,0,19
234,934.7917225455454,69.49981530666365,17.450988032978902,0,1,132
364,1449.2105613618692,73.88412179527683,18.838782986340775,1,1,172
291,545.6591539684018,96.67800417644229,19.86176777227893,0,0,107
17,1096.6520044863466,29.737749080781807,19.224676242711908,1,0,39
109,1229.9499039660273,6.753359809087151,1.1128933610427338,0,0,7
249,219.30593888040696,56.83280412057931,1.9064584876235688,0,1,98
487,1770.7563821434035,72.14509791769737,3.8045295639941847,0,0,82
96,2658.813112515298,80.08871020888385,7.6283798386351895,0,0,87
307,497.64159321150464,23.405198637357007,16.768442588752215,0,0,27
437,1813.5336395344664,29.866522558517246,17.96046771137413,1,0,39
23,2010.9806544869964,53.696137900393154,4.549853719597078,0,0,58
343,1287.0373072369007,36.40707694715017,12.773618880774464,0,0,37
11,2118.2378827245966,86.74859122580727,18.429877716240256,1,0,141
384,1261.6580532984856,50.007214605178426,9.810902982695096,0,0,50
302,1538.679999533433,80.95997118969028,2.9673278671028953,0,1,147
334,71.69148143555958,60.158877245823604,9.698459351607873,0,0,49
431,2090.574336697332,78.44356345362564,8.140103143473087,0,0,84
50,2000.960902886937,36.603933720380766,11.975501925254132,1,0,52
327,163.28258811271644,83.98457908337956,9.33451500373497,1,0,110
325,1136.3378168156426,31.08436997734705,1.3295726102206409,0,0,26
390,2938.1439303354186,56.87938676031263,19.885956934859752,0,0,67
120,1291.1728595774196,25.33067575151805,11.327264516880847,0,1,44
23,1530.738945138933,50.175019554488365,9.99898435420758,1,0,83
240,2734.2939665711697,35.2266449033268,19.137730058577027,0,0,42
482,2165.9225338039814,30.336825910535353,3.9613469841544653,0,0,36
93,1767.1068868164596,96.86357671266356,4.595514448359717,0,0,112
139,2403.523809956164,20.207040021239408,16.352280232192886,0,0,23
240,2599.880486045121,79.79595455845255,5.955790520475166,0,0,73
335,1397.8198116249373,98.49567115090542,16.18531501953901,1,0,134
154,1451.5696765489145,6.8906409553073935,6.1591361752615486,0,0,7
388,1188.8502601729156,71.40760433399903,1.6305649742750283,1,0,107
354,2901.7831130544587,29.026621527847276,10.823279753847604,0,1,48
37,2106.6404501565335,8.846343311188923,4.737042248410367,1,0,14
75,295.5080453138132,43.27451000087993,15.399079565716951,0,0,44
172,2595.7308887734043,93.84569196623313,13.182793031410814,0,0,107
238,1467.6518254669909,6.11768396486478,18.548450691580438,0,1,11
270,252.82402394633803,60.84914073332926,15.876778788048982,0,0,63
458,1671.6659027317676,52.632665466555814,4.43474314197381,1,0,78
433,1280.6346229783212,87.97149561524951,16.203006496631133,0,0,87
469,2639.3607443447436,12.980162879459439,13.193003851466441,0,0,15
449,651.7840806476927,69.74497283923178,13.710081193451874,1,0,95
173,2488.0705980019397,69.61042135116134,16.812994833432825,1,0,103
310,1695.1816389970854,68.56260160191691,11.902657314589865,0,0,73
416,211.1003944797337,94.52177701882852,9.854066772707245,1,0,139
312,2916.9436389101797,83.19331525565364,13.09617967181583,0,0,76
296,1562.2149701044398,8.987408993133071,6.661191150208823,0,0,8
404,908.0867199831683,49.75287081692875,4.469345490654886,0,0,44
19,1434.7501838683113,42.80554033912668,12.715168923353682,0,0,40
204,2580.6804613765926,34.4639860036262,5.443119012624076,0,0,40
127,949.4642169359373,47.87698888963924,2.518387077585528,0,0,48
279,618.395369635766,41.49844756796786,1.0105295071198244,0,0,37
89,430.76017844610027,46.071720488473204,12.558068626601276,1,0,67
467,928.6852252511231,98.02987723282104,7.8808268861245,0,0,83
102,2351.141856768128,13.420132601210172,15.293908442795663,1,0,22
275,1441.297777326022,92.61193263467933,8.128351567948947,0,0,89
341,721.0707308959429,50.62248777974754,10.234065516526307,0,1,101
359,540.2457488487601,64.25551332245641,8.734614483492313,0,0,60
370,1031.5519557056182,83.86738182868092,13.360921031077577,0,0,95
266,2822.776900012841,39.24398776917928,7.766644078284396,1,0,55
142,1061.9288021405719,45.89008126835685,19.31158534890387,0,0,38
285,2964.966024066174,43.90425562647783,18.786792745372072,0,0,36
273,1481.4298445078007,40.59944714089718,17.112530150488347,1,0,63
180,578.5335589559451,92.92528555645502,18.485705140882214,0,0,86
469,2678.8632707908528,83.74833966333615,9.533654080728429,0,0,82
10,1408.0483507477393,15.35499903698273,11.192177539000351,0,0,17
322,2143.530463338347,15.271718485324124,15.099759258606644,1,0,21
73,2951.9491704669977,45.64760391103416,14.226772573832282,1,0,65
383,198.0172834439233,14.37245078961686,17.922893316503945,0,0,16
477,335.24895137332305,63.813844050756366,14.610289517877211,0,0,64
293,2175.3473873151306,18.650702689864723,19.95980945634075,1,0,30
130,881.3837597216424,54.6254600768461,7.62161019680023,0,0,52
116,593.6891210027923,5.685894965353187,16.82695710254894,1,0,8
430,166.11754546820202,35.07665309920144,14.25506163382062,0,0,30
184,114.44780035929533,69.33311874890227,14.136342459085354,1,0,116
494,2334.732529203383,50.9836993216456,7.1908763020549795,0,0,59
213,446.5786107401725,97.93560116990388,15.926434056037428,0,0,117
174,1429.775817114895,88.03986062629002,18.107144424604385,0,0,85
314,1837.395604779475,39.11172400909936,5.152420768890696,0,0,44
129,1313.6378116780963,9.321221439866086,12.884439905217379,1,0,14
53,129.96462439188767,85.33449851092679,8.45056175295273,0,0,84
321,2361.329432634331,91.56725947989378,19.801414266602663,1,0,149
165,81.01401239787779,82.9596023748085,10.09782350080195,0,0,72
376,2297.575188413578,17.155244387377664,5.338083302141911,0,0,15
216,2685.248256674962,99.80193776916734,8.25529487921482,0,0,92
399,1326.8777671186583,29.565501047513514,13.422929406515898,0,0,33
117,1629.8502956385048,73.79946671679515,2.445698055641949,0,0,70
260,1457.1010082220787,91.26331325189355,12.468436484203515,0,0,86
454,1198.1654249391445,27.390275861417397,18.693270424399064,0,0,33
413,2667.9023793425627,91.28456269432128,17.156892965499157,0,0,87
379,2687.103856476472,34.40075002351236,2.285797196501684,1,0,48
343,1040.6582756925268,97.75925612648534,19.874407696042294,0,0,103
139,1864.455774343359,31.719701936145086,14.275811550373703,0,0,36
466,2784.377308330299,95.57640335199434,4.08333566196645,0,0,79
302,2888.0725718769872,10.086741834804116,1.2359056942190465,1,1,24
29,1551.4291692450402,72.38084110863224,4.254370089550876,0,0,59
291,1385.833175588764,55.55055771451535,16.92534249302903,0,0,56
294,872.1482319891511,50.39832232665941,1.4111471739581112,0,0,45
10,2878.6720259117096,26.231959854304797,5.429798768743645,0,0,24
128,471.3021981949587,72.03160002876673,15.388806311362632,0,0,71
44,1760.4972493407888,23.126901687399176,12.136100182064567,1,0,39
207,883.5232891799847,57.51997061855298,15.871978496843646,0,0,62
494,873.0744565260001,29.058309488823827,15.17685957270897,0,0,34
254,1244.657332759756,95.78403107922882,1.9614263553142899,0,0,102
68,2996.439160656181,7.719963414387019,17.95771696278888,1,0,10
334,212.1506051774751,23.97418661056747,5.313604851363105,0,0,22
170,1756.6983637004178,28.019507606807533,11.514456364365511,0,0,33
188,293.58786620406767,44.33644344794256,13.241474974027797,0,0,47
215,505.83644847203095,27.109372977655084,4.203936006816813,0,0,32
21,1346.7106782300511,51.6781635755346,19.548393877318514,0,0,45
499,1555.8573874720018,87.88422470956121,10.274963165658871,0,0,81
285,813.4376046753458,72.64602503387123,2.0952112163504752,0,0,69
190,983.5485360795277,60.09638815083555,18.807978850778966,0,0,56
251,306.5527097550025,13.455301908354567,12.139089020672094,0,0,12
225,944.4983623405391,70.92925029698118,14.28467076164615,0,1,126
260,2901.347396172605,20.809357009539283,10.978340008750259,1,0,32
308,2836.886775933821,79.70490166636131,16.860021140762385,0,0,74
135,1037.8909559041058,28.75539205846455,1.629535781671007,0,0,24
491,1734.0191120223467,44.61962919048558,6.099188940265807,0,0,48
226,2733.3064037772856,38.294669220203154,9.923318771651152,0,0,38
315,68.24227679064519,86.5873218941114,2.455468709960491,1,1,201
294,2441.516532495896,17.021723577773773,14.412226717206506,1,0,25
194,2847.690180727311,58.73626382655492,8.479604867057175,0,0,68
48,319.41091628399334,18.495852897090913,6.180691815094737,0,0,19
232,526.2706737971171,71.95560443255773,1.064198089359833,0,0,84
193,2884.2015931754986,90.9824221404757,14.67677592324912,1,0,137
436,1635.7434237390216,46.287727117389075,16.842376868584374,0,0,42
187,91.88007169158492,51.36876472517271,8.50577017794847,0,0,48
416,810.014396352411,93.10516946586242,11.720141563633945,0,0,94
437,1377.3338390931358,54.49418192168893,5.32604589266237,1,0,82
303,2094.081287523065,51.32185161470829,12.82175527932253,0,0,55
349,2212.8231155035587,59.94126475690889,1.23061170798881,0,0,53
160,2986.4934631300957,70.47682495448043,10.28423404487641,0,0,75
393,898.1580381820891,15.153920633267981,13.239904154973154,0,0,17
135,1637.749300512002,83.00550013544402,18.445643691364946,0,0,89
310,1623.3044661858348,46.37297760805963,8.245380525323402,1,0,69
317,1246.6535153693505,11.873108440261126,15.538613856639566,1,0,20
345,549.0275868351396,79.68735357383025,12.356053568926514,0,0,77
443,2933.4968613923356,40.81024731019585,18.61323014557653,1,0,55
243,2567.285700666429,14.534912034030125,8.569175837529182,0,0,16
389,1520.0824334679996,65.2090087566088,7.062811457586772,0,0,58
384,1829.5739969178878,88.61247857619595,17.855697975188733,1,0,140
17,720.4201080010038,89.3365833943287,1.9356436267574932,0,0,78
350,1654.1718576556534,95.97803010685246,3.591322465739859,0,0,77
138,2100.1618927083537,87.43201867783536,2.5656842570968443,1,0,119
273,1569.742733740437,5.203387337820146,17.01908917495165,0,0,5
166,2971.3412532255766,41.12291080927207,1.2015410440360683,0,0,35
361,1853.4578859307921,82.7615450910228,17.371485954443916,1,1,180
367,1144.3724521468987,39.79403556985505,9.574088112054069,0,0,44
14,2327.8484814667227,62.14710810607208,1.0764802982254442,0,0,69
95,552.8644091658441,62.60011000058054,8.631258367028796,0,0,71
184,1184.3216504334862,39.67740388368819,4.549215979855676,0,0,45
299,1073.5289036138784,90.92502309172232,12.863609261971098,0,0,88
202,1323.830930567943,52.806692811681174,13.907817008511284,0,0,61
320,2356.250486489743,49.154499564062576,10.263023837694996,0,0,50
128,1478.310444882052,99.76380583788011,1.7698709833537294,0,0,99
227,2392.34262828459,51.88253458689858,13.466447282976835,0,1,98
436,1750.6422642626044,21.9478339332152,16.9987368885049,0,0,19
467,1059.1048322397883,53.741595172026614,14.686161269201628,1,0,87
423,2439.4372938662436,82.33158987439336,16.769200460151055,0,0,80
123,752.9545281316201,78.80173105533673,4.8096809474668625,1,0,106
475,711.9297904093967,79.91526768530474,17.88887085347317,0,0,68
154,1538.2836259617654,72.26225947980161,7.121675562311293,0,0,63
35,819.5052755881622,29.15069376133538,1.2546914707878294,0,0,34
145,76.80675310608815,86.89798815482199,17.024441280252343,0,0,104
312,1962.4777055314646,89.87712921074518,18.89460411032981,0,0,85
241,1557.7267733435742,23.44450617876216,13.455605750929626,0,0,21
378,1364.2775527548256,17.393285472382424,5.397295978805069,1,0,24
85,2902.5571181240302,97.68247201596564,5.783144821368078,0,0,110
484,1735.0375926905954,87.49077654678496,9.86526459527677,1,0,121
337,2597.1231544786842,89.85743398494493,18.05879051242697,0,0,105
354,461.3781968052225,89.20575653931753,3.842355466803609,0,0,95
311,1729.1590662318117,56.460248283204194,16.69349972208625,0,0,65
461,2610.5398988561637,66.40816498325097,6.534753365397856,0,0,68
298,1770.161983975699,56.80947095269596,16.36313721915286,1,1,135
10,2168.1418254746545,9.864603173081262,18.485152754429233,0,0,10
156,1147.5285250460117,75.82279310851341,9.122383567892085,0,0,86
296,322.7260752593465,53.00654316690863,7.935962428005086,0,0,60
473,1400.8058706248607,66.53236210507183,16.242205060454733,0,0,69
151,1213.7142029746296,52.750781472675854,11.060174765208487,1,1,124
62,2607.8275380178948,51.72207562063331,14.004531920800744,0,0,60
313,769.7861419397931,21.319965400387847,12.833755502262411,0,0,25
78,2901.865971228569,31.477802938409152,3.90488806725113,0,0,34
370,2876.5074534232635,20.0910057346758,17.05101684550167,1,0,26
99,780.5133470607442,23.58829808440753,4.719727116849588,0,0,20
455,1076.7532686580955,97.43285113992897,18.713360737344836,0,0,111
229,2691.8894355779607,19.54577734835885,5.760854537020809,0,0,16
459,2901.535551643517,30.580690308994726,14.943738492201096,1,0,42
201,1358.14535336633,61.10601748516557,6.408452476378248,0,1,103
463,996.9412846406485,62.966964742480975,7.037922763150414,0,0,65
72,1601.977339092049,19.62754232566376,6.890035202863801,0,0,20
82,2078.9191587789173,80.40315544959518,15.209952826495583,0,0,74
170,856.7498203561904,79.59427245171838,11.57948724141847,0,0,70
178,2222.595865126265,27.545181899369652,17.776096661102446,0,0,30
98,202.38920348819104,32.42329875416874,6.840081664876852,0,0,38
185,195.4187536550285,94.10884721865222,14.147857919078142,0,0,77
278,1189.5487301793585,83.43878736805041,15.306023393599103,0,0,71
82,1092.7459165791258,71.29071814093976,3.878160147569205,0,0,75
254,981.1179853330992,12.81215604350705,8.611197789076412,1,1,31
86,1498.5082998732846,44.735087685744695,10.173532392657812,1,0,72
168,996.1640678191351,58.133677847298564,7.758060407993112,0,1,110
498,617.1608594808712,22.804072358458807,7.120139323413624,0,1,45
468,962.9351698113727,47.58152530028133,14.041977985955196,1,1,104
333,2925.967604790193,62.097458361425545,5.101461555530283,0,0,52
107,1262.7845801348033,36.100784610962926,14.478424159771446,0,0,38
390,1361.9026917320905,79.18975780029628,18.76583973142388,1,1,192
111,1750.807720355863,84.84271025568651,11.738752902377271,0,0,88
141,2950.8552668219686,35.742899596236725,12.617250498050007,0,0,42
111,762.7237654855008,84.67242967678342,2.309721340357693,0,0,95
28,2059.78222607068,14.839773779786427,17.425061168738736,0,0,16
463,2162.154845948086,84.58426436915235,6.423507956797445,0,0,70
491,1841.6070295395446,19.511291008423576,12.685972145042733,1,0,26
91,311.3061019281,12.878079488423975,19.603131225151245,0,0,14
406,2046.7732136913505,65.96866342189607,12.314549410883348,0,0,58
498,239.07939755671765,49.83404974675296,14.769480261823174,1,0,65
288,1808.6208161721959,91.24960703921911,9.461072746251286,0,0,106
348,2231.764472804141,39.50297362863068,2.14695102678609,0,0,46
374,672.3611773288537,32.27946502657473,16.154387640305984,0,0,29
340,2532.7849222511836,52.569816083698846,1.6649779840157277,1,0,85
138,139.54372632236257,48.314887648022825,14.312498748869228,0,0,40
353,2539.247947792003,37.720664390632884,1.435509889843102,0,0,34
319,1407.970699396157,70.90542337634122,17.38379949495674,0,0,74
464,691.8844227983512,77.15837422182129,3.995084680826631,0,0,85
98,444.6455277322056,86.03347705786298,10.771158413408472,0,0,69
222,2862.2561443679992,97.42137744748257,12.345863385179799,0,0,91
152,264.36348336441233,30.332338252587924,9.69336274009483,0,1,51
74,637.3255888109807,73.02888083654635,7.474506297628857,0,0,88
85,1076.0759249274856,42.4545323720958,9.888471627438463,0,0,45
208,1879.6928044353053,69.32278733535527,6.916899323742015,0,0,67
152,1657.1632015644902,50.21826058317593,9.3243245945364,0,0,42
414,420.64830261632625,99.40844476295351,7.8193468289625825,1,1,233
412,904.6975520277331,74.24570290012124,11.75789164663576,1,0,116
325,754.317724703771,95.48667354126083,5.520559082654686,1,0,155
102,679.9514207465071,84.32210720071265,19.784474543366237,0,0,77
482,1262.8757926159617,90.77559606052026,10.516529114261145,0,0,108
426,2126.8927851453877,82.36982373539412,4.689079470875683,0,0,80
314,691.486150040846,48.62011738571158,10.064268241778176,0,0,45
233,1131.7026951237951,28.919903067954017,17.46188746097166,0,0,27
300,1203.2064091814286,40.18041666779961,1.4143290693635162,0,0,40
437,2930.54676183446,6.922442100795292,13.911528263038488,0,0,8
111,2866.2657527932533,54.77935090914338,11.411388139084632,0,0,60
483,2410.4058691186237,52.98049102568883,4.221601893032575,0,0,55
276,762.8938164165962,54.89879415889638,16.532052346793492,0,0,47
364,250.71007657042557,97.53296637234607,8.008807825106107,0,0,84
465,984.867206275843,91.58813032820973,6.582238547494641,0,0,92
119,837.043920829801,20.362713941360262,16.73437864528112,1,0,32
471,1542.481110431862,40.043839547809476,13.131975877641628,0,0,44
339,2344.2973346999897,45.27583704900988,18.066922589821665,0,0,40
459,2582.0526696926313,39.25062719590654,12.96779036975279,1,0,53
439,2542.349051961,80.85711654237174,15.07553550071019,0,0,77
274,1111.04290560805,54.78357863742076,16.892472028932644,0,0,64
12,2077.3413132090145,59.34948261230438,2.0400530822888014,0,0,60
94,972.8608826964492,86.03628810385293,15.744930218518226,0,0,80
291,229.671352543789,81.56317457445907,12.66042315514196,0,0,76
337,2119.61753352868,17.56009466792847,2.3206481337886715,0,0,15
313,78.99128008087415,72.82188548794525,10.662980515505586,0,0,72
459,1257.0886330025412,46.366432245693375,2.5667034816951237,1,0,75
463,1021.6688444411234,32.99164579093754,14.982996832741225,0,0,39
421,2095.463738630615,9.751787985707702,11.383532564059777,0,0,10
126,2310.424144643118,51.28870823281784,19.11789721083365,0,0,44
230,947.0791761152873,38.76648466883048,4.479572059863627,0,0,42
163,2444.299692612318,28.89373876925808,12.51463559788719,1,0,46
162,917.0544434895546,70.99381431171096,5.0200605568393355,0,0,59
21,1366.6627619603555,78.10111179498077,12.667234709820569,1,0,128
142,2194.704654691695,28.255004307795357,14.730344344856272,0,0,32
491,2094.1146762131266,9.697506484537989,14.723782257261233,1,0,14
313,2962.73699332099,85.63150655369732,16.486405822969587,0,1,156
302,714.225021436999,5.946175414408815,17.217454331208017,0,0,6
472,2003.837844941768,94.02568692253983,2.4681627990763637,0,0,101
309,1848.5616294135434,64.62388802835706,7.522075984375677,0,0,52
237,2749.540440745588,35.57543034412542,14.055327886836308,0,0,30
280,511.2683178523814,28.41540140978994,10.47313946043303,1,0,39
52,2267.8045825814525,5.855538105125148,4.622842988341038,0,0,6
441,1726.3924179928665,27.36978461603333,11.501481833167261,0,0,27
352,860.264315874321,18.084188644128403,8.741277402556733,0,0,18
335,1449.5829967341635,63.15579096869884,8.410727275431796,0,0,70
311,1034.6409613559035,20.821830916411123,16.385320631277615,1,0,30
373,1758.9745382259596,55.219834565978836,8.744368342811445,0,0,61
388,2672.5518019032643,61.061060122724726,1.502635604128059,0,0,60
436,1729.4497040159958,33.31396134295688,2.103203438930734,0,0,32
30,1913.581134063423,8.331170156778278,17.268636792140786,0,0,8
416,1580.3061489883928,8.53911865834863,19.251415390237906,0,0,10
116,200.93824401415392,7.502996558422172,14.079777392658444,0,0,8
345,736.932742784478,75.2168433779719,7.9229975879015235,0,1,121
312,1501.4051018246441,35.21092195735832,18.83340600009982,0,0,42
126,965.1940870468791,80.64851766692804,13.59325864113898,0,0,90
133,586.2026133955229,46.01461826507067,17.042337434787417,0,0,40
408,1537.191883659393,48.034819578846566,15.551193776703178,0,0,40
290,1002.2888906711585,53.723847238409505,8.203646999679256,0,0,50
301,811.4175473615734,72.73798835563487,10.095341816164925,0,0,76
212,1418.7569814491233,30.982772253822173,4.53651093299389,0,0,32
60,443.18856134241076,16.550798205685055,6.548267908373947,0,0,15
280,2786.8499125724516,57.82544684318884,15.784387564443913,0,0,57
333,2609.7211888617553,36.06287420806023,17.985589445779055,1,0,50
286,2137.480727934579,47.03667479846355,14.764748041776825,0,0,39
150,363.3307913859458,66.459937292044,9.838300236476128,0,0,67
479,2338.8379006855944,51.94194540842071,2.6436761098552033,0,0,49
284,2433.474117921606,63.926487624580076,2.082011025270516,0,1,116
299,2314.9056222572963,56.69900020079464,8.112185727644222,1,0,95
343,386.1993670017614,75.28065533392942,9.812612656585598,1,0,102
390,1949.5284733499059,72.0639786826039,12.57329182205264,0,0,58
461,2511.258147460726,55.74803972181883,1.1233009063529469,0,0,46
382,1753.1925335980197,69.49578698167215,19.804734918859822,0,0,68
61,1956.9017569228624,87.98816221589821,7.914838784676816,0,0,95
36,1402.1722643076032,46.06577233987601,17.113798612221306,0,0,48
166,1609.6865936579552,44.212491911135395,11.164367407642683,1,0,66
248,151.41173213758938,77.60333398097612,3.4783496361335833,0,0,73
165,1934.9409148211896,60.342614518989436,16.153745498155914,1,0,86
300,290.26927802891964,11.745644121145911,14.486714423477645,1,0,17
145,1333.293053303659,89.75064149065273,11.021285613655332,1,0,139
153,913.3325381188531,7.924394712575813,10.776508735341821,0,0,7
115,1659.0124531245535,76.0976538399256,2.662112509267633,0,0,84
429,443.5781897934609,77.08544355690972,13.461130022903609,0,0,79
167,2090.3480358212887,95.5455531017834,18.313657959331696,0,0,87
155,2395.2840339389877,10.142768798220471,2.7716534652058087,0,0,10
11,531.8956267423116,61.701401774526644,6.006717562329193,0,0,73
442,357.72360768805237,45.64485420957003,18.143851495399876,0,0,37
86,479.2706742227095,36.41013071165649,6.402534286576072,0,0,32
141,2637.52630760058,13.580263228411939,13.4249297714186,0,0,13
99,1608.1583221812507,58.45214136877437,11.16154513391974,0,0,62
354,1428.4199382221327,50.508868939088295,12.330224495073379,0,0,45
359,364.7998663519451,14.932673524347305,8.89998912996781,0,0,18
468,1966.1902199330373,63.18650317422292,6.699837940520511,0,0,67
272,2610.5987960905154,75.10554642402916,1.9221355638637103,1,0,124
360,2493.148314504186,77.89143860009658,15.141337846589119,0,0,73
117,1896.8613914933637,91.0104528849306,15.175775781690309,0,0,103
83,272.07221412243723,43.89972047943383,13.743789061495741,0,0,42
48,381.5712301692382,95.541913019103,13.229041974272791,0,0,86
406,195.4615119739828,87.21579348285518,5.630625511182998,0,1,171
168,809.5636886527844,33.16764924727421,1.4245537415595328,1,0,44
80,450.20132812311437,20.131888548198553,16.365592540823354,1,0,34
456,817.14171874468,46.361992632161275,10.33163217822071,0,0,46
321,1185.921264370937,43.18037725581683,6.829924483349749,0,0,52
250,2831.79921300985,59.69333400646441,2.936706228830831,0,0,61
435,1850.6093763559916,60.42169207113606,2.1917102271263795,0,0,67
454,2513.172667764739,76.24876351609765,7.6284677141083685,0,0,61
307,2145.53692710138,53.43954507953297,16.29000423057187,0,0,53
449,381.88423505356366,14.958150889372726,18.45575123734278,0,0,16
45,2220.965198803149,86.53767687754508,18.03827592764823,0,0,96
93,861.541700599417,34.42763540259277,18.480015860243444,0,0,30
461,1935.3681486343837,97.27325872912624,18.24678151945751,0,0,94
383,1055.8378222468161,16.196710324578163,11.017270280407521,0,0,16
272,2993.1331766307444,96.0338613620878,5.168897132581173,0,0,81
319,827.4768645154945,13.646121653839113,16.162885073899588,0,0,13
394,873.4348887840955,26.94843310497065,5.060546522199001,0,0,30
181,2795.483153909075,9.425094498221451,6.076938258374812,0,0,9
385,122.70099367715187,71.98574893070452,5.4318321146284205,0,0,70
182,2105.232514225931,85.77837997432022,10.784665670220312,0,0,102
371,2189.7128526708407,46.23675277251814,7.1147226552125185,0,0,38
56,2517.316803360678,93.20959712903083,3.9289649428814877,0,0,97
388,2924.5959663835024,61.07841181678196,9.610294825983765,0,0,67
150,2928.0256615121248,64.8506778674197,17.604237536918173,0,0,72
384,242.5664348210685,85.31482416157314,11.840504244049471,0,0,93
415,2474.4260021210625,33.1960194799247,17.688376511864156,0,0,36
127,1956.614304289275,38.65524352612445,4.7215715165036105,0,0,32
286,1959.659296400619,91.06543232349121,4.172503599778526,1,0,138
223,428.63228351334965,90.59153212368255,11.935965388269985,0,0,101
229,1968.0521410146773,97.76586373908273,9.803249129379187,0,0,82
402,2948.323612773681,90.67464006195875,13.543280191292181,0,0,73
35,2739.8647801413686,17.100343423169285,16.09790902950885,0,0,19
18,1345.435449374309,83.25380718301379,15.274838617391353,0,1,157
280,167.8465211939783,43.93465542041144,18.902962299512662,1,0,64
19,1118.7657955006043,99.1261288148641,8.56687177398322,0,0,117
481,2487.851419221638,49.8666916112361,4.921348102715434,0,0,55
387,2119.42234932224,57.614427837710956,11.46734015900983,0,0,68
130,1405.0637840021714,55.32861694939586,3.104119283632526,0,0,65
134,212.54952871855173,35.56501783653639,6.488171343300997,1,1,82
179,1309.3394470787428,12.127098444827226,4.949873049999745,0,0,13
81,1433.6235721677563,90.08686688818226,8.534710619144537,0,0,96
161,2789.238822037701,81.25420218999724,3.113114925042092,1,0,132
217,1941.2040055673704,18.255044153168583,1.6049931464138592,0,0,20
58,969.3761041312142,78.79298577825692,13.479086087970604,0,1,131
163,1599.6888801296282,64.45543327480794,12.594730587506293,1,0,90
356,244.8631580753722,43.86865985217412,14.458819784734562,0,0,40
302,2919.0762951667234,29.132009164078458,13.547342365155535,0,0,33
77,1112.1767106956418,86.67423443271208,3.1715989417052866,0,0,97
59,1459.7086969937507,71.51788463293504,6.53049874613728,0,0,71
161,1098.0877239989215,57.035291399568,3.461005588106695,0,0,59
28,2063.4096038427906,62.90901072035409,17.0164756389227,0,0,71
109,2003.5848670722994,13.651287297807194,15.191169451754941,1,0,19
69,2160.2008160609503,50.022377286563234,4.829013055446606,1,0,66
176,841.0225273551664,23.40152781464169,7.484875569307975,1,0,35
211,981.2220194339947,24.79644950583841,19.36568485302007,0,0,29
354,419.49113173381346,67.82387641725234,12.289027799713377,1,0,110
155,1983.754416946032,91.56933442425736,16.22195634872199,0,0,87
412,167.401525640175,43.35687799544292,6.027229660605854,0,0,36
173,1813.1628897942041,24.736180936158085,4.9910054834067985,0,0,26
467,2615.60286031232,66.63095903748214,15.89442164808442,0,1,129
490,2677.954837454419,87.76276940328019,14.031576649397362,0,0,94
448,1374.661393091387,76.09028610663663,13.938580655023511,1,0,112
251,1404.9458802285676,87.53193690097578,11.500057054754684,0,0,74
78,277.0590898736512,55.97269374602594,11.707988512754428,0,0,65
184,2028.7568250569554,76.42824321507314,14.978252600818822,0,0,70
58,2472.715290099894,18.306133139098964,6.13004714130271,1,0,25
492,771.7324110839035,38.08608845950319,7.70260085128216,0,0,43
117,1292.8376008184257,42.00717062574463,17.561098639881045,0,0,50
235,2524.5760434575477,53.573095893373285,6.868438819230997,0,0,57
170,2637.5053796037496,93.26225422439825,11.379881856206682,0,0,98
128,767.3809417794665,88.05817322110656,14.350149816126997,1,0,126
158,1674.1833718970245,17.77992176747253,19.998571709830355,0,0,14
474,617.8547943756898,21.415016928834003,9.270535298411307,0,0,19
159,350.5423542116918,38.97585221094658,9.133764655873932,0,0,40
441,2737.8054791062746,32.620667259614024,17.009179209239683,1,0,44
302,2470.497137484722,63.40324054984492,16.3045591139374,0,0,73
152,2292.102960319363,90.76372453763176,14.890441752956422,0,0,79
428,193.86064049876424,96.41769645889575,9.801363110771549,0,0,97
485,2538.9999384952594,67.09228049084652,7.1548432830536,0,0,67
464,1342.230023920882,84.62512413310324,12.565879169112124,1,0,130
169,1060.0656137227859,54.894209021925725,17.64824256950118,1,0,79
20,1662.1052650248605,24.791059951703772,17.791771705963143,1,0,41
147,319.4920660344897,54.845399148880354,3.06146855633833,1,0,81
466,2282.1073205895764,57.73284713657685,9.138655392449863,1,0,91
87,1768.1834768204728,75.53346860028788,9.82971716777624,0,0,80
86,600.4407857758442,25.888884022198162,19.57469198295131,1,0,35
450,605.2849893186846,39.98948629823951,13.881962289609106,0,0,42
263,593.533522139389,39.5826095753838,8.737681927979342,0,0,40
418,218.15704327820526,96.14676159541067,1.4950998337262669,0,1,188
267,1784.0054256464703,47.1747712310383,11.742318041884722,1,0,78
329,2529.0271238860987,76.73392689332391,2.8254435371287663,0,1,127
300,101.61973126279636,76.32708123057171,16.854549189607496,1,0,102
272,194.56370266525695,30.226697556307933,15.29785455083688,0,0,28
94,1739.67231622649,59.32762049031455,9.749674038255396,0,0,71
155,2467.5122718888542,89.95877486527156,9.155004811292295,0,0,73
332,1013.8797271774691,50.143783348410196,18.049440345806605,0,0,54
51,1081.3624764827803,94.78616319754188,6.480708657944439,0,0,99
383,1809.222167615489,25.37353178579535,5.731379280028645,0,0,27
134,858.9280229162337,12.045115048532919,18.844751223689478,1,1,26
176,128.49467992916817,89.68811794875118,16.37567089831617,0,1,152
434,2218.9241283997085,85.52971380641058,16.591886268276696,0,0,83
250,1895.6672431772868,99.29603821371525,4.708682471242585,0,0,83
468,1763.2301972141943,69.54238137068047,3.722623837187754,0,0,58
496,2237.9681805258783,93.9853530333792,1.4945614465255632,0,0,79
289,2041.9309708080107,83.56015738299052,5.503788669454921,0,0,86
197,657.3518651260474,85.22050164640825,15.70961934257217,0,0,82
311,1089.819088482886,59.06844919315549,5.560729956518846,0,0,54
28,422.02491795194373,41.32463680208753,14.852962388302648,0,0,38
77,433.078189582749,93.78301689161178,5.786257041981009,1,0,130
227,2044.7774517517907,46.05113168350997,8.510557461062762,0,1,81
111,2582.87031559837,56.18783988871856,19.68008350831676,0,0,50
51,2890.06112239036,47.380859176892834,5.651422894398576,0,0,51
297,1903.623996770861,58.65773982621872,8.151041918667085,0,0,50
176,593.098903914823,49.69798250427108,6.720656428839059,0,0,59
118,361.66851907434557,9.556918065050208,3.0828747402700434,0,0,8
45,2447.9103660334354,88.79457767073137,10.307988700485673,0,0,105
241,1757.3316052619978,47.21741279699813,8.195122603327043,0,0,54
238,1873.9408119904735,60.94964660819813,14.202854630338322,1,1,145
362,2355.3131618263924,18.222841262008767,16.534296392079376,1,0,30
173,2124.667821810732,5.321845558350718,11.340744575417132,1,0,7
396,2511.6518459254853,28.30255889614608,1.6117320196594003,0,0,25
82,215.83102110664151,71.93567305266828,12.75952476845971,0,0,65
145,2255.1858784021892,14.423480360723467,2.0524238703978446,0,0,13
362,2560.0156341001816,91.34430683671445,12.710770148381474,0,0,84
388,894.0983752520273,25.427144088837537,14.01556903611458,0,0,26
79,1939.319458280096,24.4363933577187,4.75758492473285,0,0,20
434,976.7780883190677,22.243256354042074,16.56757682571365,0,0,21
496,2876.0146461232393,6.328262732279651,18.310617499906922,1,0,9
205,148.5995386847361,78.32151950543229,16.448652318162573,0,0,82
278,1760.3888893072174,88.12828046829956,6.797074614029561,0,0,105
58,541.1854637960695,63.34545674853889,12.146217236467054,0,0,64
325,2151.049605272618,22.87899825958692,18.381487834633326,0,0,22
139,568.8763360850531,32.101409709383574,7.092629798234149,0,1,56
453,744.3806226001548,50.21303624967151,16.580528623043076,0,0,56
14,1508.3938925849864,95.66286540421358,1.180027493972234,0,0,79
437,2748.7631024907905,28.498380322685566,1.0692873529088491,0,0,34
36,674.5573978365139,74.50636087238937,15.434521546440381,0,0,72
169,475.5080622984054,46.747581212827434,15.467504060415301,0,0,43
158,2288.98165396939,33.295498094202074,15.990566569193582,0,0,40
273,1526.8276203850965,48.31201401710081,18.670509919875084,0,0,57
239,2739.7660815262257,11.76463816641709,3.2402199245854,0,0,12
209,482.51294362153476,80.87530023838444,5.407714714690079,1,0,106
59,1955.487284417966,28.11368315838188,18.170773487102345,0,0,31
76,736.9934811478544,73.9141517033322,4.3674877576747155,0,0,69
309,512.443264522336,11.493095287578498,13.962356083955095,1,0,17
390,2066.116774713948,95.73436283574017,11.078797000775491,1,1,207
67,1801.369628730763,23.336423613541367,2.5806798601786376,1,0,35
268,2276.741002168877,88.86049723967264,6.420009576889124,0,0,98
351,962.914600516238,81.89995491346627,10.88707211237839,0,0,74
335,1371.5163863274604,96.94669278773452,17.194652216992846,0,0,114
139,1246.1414451747346,50.399612789846216,14.4432313026788,0,0,44
224,2953.063918701217,74.1027429153654,12.815780067643727,1,0,98
181,912.1344223811943,40.217512418589486,10.424624908886882,0,0,43
267,919.7108531229622,22.514982611870913,6.674995692468552,1,0,37
111,1095.9172160443918,47.09221362867764,3.2656533150659626,0,0,56
218,1715.5525398064485,20.74615646190321,8.772444656755816,0,0,23
300,794.3520955780484,98.29423916470647,1.541851384314559,1,0,136
363,2750.105324118858,14.143416658368055,5.0100618960701615,0,0,17
480,833.7724163554773,60.97511372799894,9.217184141580537,1,0,102
295,2692.6564081025745,64.51406624913531,8.953498527766387,0,0,56
125,355.25143775742475,56.11755657303515,1.8416131889428557,0,0,57
273,1986.8599720789744,67.9076591426242,12.192142916980535,0,0,69
159,2725.607279392819,16.03717362612964,11.444000861211489,1,0,24
309,547.8108432747772,57.72675979950265,2.4839817763973437,0,0,69
451,2906.564532292802,32.28519425709935,18.920097996748346,0,0,27
45,1386.0059132257595,94.31672601360037,2.8882728000663422,0,0,99
462,2839.859569901022,77.39680707677394,17.241848873509387,0,0,68
342,2046.6191287086385,97.38887580517556,1.0058849063851127,0,0,98
486,939.6812661269771,8.567826625318007,17.763340805862278,0,0,10
296,605.4924485054639,32.08765164216733,1.3746749118819386,0,0,29
312,946.0183863640432,23.565145730643156,15.398428605950205,0,0,23
320,324.4013573248912,6.059685794623897,7.872125414704806,1,0,10
217,474.4105007128228,28.020944373400535,15.026119202590078,0,0,31
115,358.7482990221194,69.48371843444075,8.633158903074591,1,0,106
455,1297.6834540375953,26.953447602784014,2.347250524304993,0,0,24
167,2396.9562099598797,53.35532732084873,15.582627212511918,1,0,78
130,467.0814849382036,89.34272092167487,2.3538010211059346,0,1,171
64,434.44527785839085,70.90700243316215,18.52028828326314,0,0,80
409,1948.1154010761256,42.48976164107304,1.9685066800415663,1,0,59
21,631.6897968057955,40.38454919665029,10.107180277658793,0,0,43
154,337.9496124215252,48.294902330806046,14.737654186165118,0,0,40
409,542.2033057064541,21.818936900691106,8.471682831048717,1,0,29
405,2775.0076178364893,65.23007290451886,5.127436017256259,0,0,67
145,2473.340195689763,39.594517814937525,15.422728266524514,1,0,55
477,1094.4904589475275,85.97470817989415,15.901599390985803,0,0,71
12,1984.6712636158088,76.87250270549255,18.531204695132978,0,0,84
153,1634.9632373207123,62.99875058875521,8.147137098190477,0,0,63
39,2047.5165772735636,39.599211151704026,10.61878295544921,0,0,44
246,2063.87989976514,24.94352400898102,7.899440414075369,0,0,27
288,1904.7653444269793,78.73442709003417,5.884554615175995,0,0,86
357,834.9990371850604,51.20886440415322,15.269626269214562,0,0,47
124,165.06894125031346,26.351253626848962,7.453385055322153,0,0,24
113,1393.922006870821,23.54158842880059,9.13483939785469,0,0,24
127,2678.372959837576,20.71308592762911,8.66979949485653,1,0,29
14,1730.016912629799,78.83031363953152,14.54056328728817,0,0,89
477,2505.5535730206284,26.75378260352961,18.438116896102915,0,0,27
369,2975.291811735623,55.03101503489376,13.668365164840168,1,0,77
257,532.667802207915,47.89690429244036,9.96006932579042,0,0,50
373,2090.744035468848,60.06303542668697,15.804897180038786,1,0,101
330,2039.1660424150728,88.32971553526346,13.178455158320613,0,0,74
130,2940.8685697069213,87.43600205776441,2.151596785238456,0,0,74
295,2957.5221651607612,47.85222682336167,2.8176081419579915,0,1,93
158,2075.7019045861816,6.459793819798714,1.7204219373990333,0,0,5
93,768.6636363474731,45.512161542858806,9.679510197920077,1,0,60
463,2405.739722485267,62.588386055293334,16.69121525244033,0,0,59
415,365.7359459225624,57.98765211431587,6.948580217675689,0,1,104
475,2353.0629473063045,66.87693005101951,8.299043478757152,0,0,69
465,2735.0785662268545,19.637194584942932,18.280065058989923,0,0,20
240,1179.358514566884,66.4208343841696,16.90116546101644,0,0,77
297,1910.3741202000874,22.35190378065836,13.63591413526864,0,0,25
170,1318.9210596856376,76.29977816619115,6.069271859752774,1,0,129
281,1341.406912214979,37.2133232599546,3.2237881710804266,1,0,55
469,965.5941228689542,72.44006617123809,1.3051176309221606,0,0,60
47,2298.2823803284577,9.547231896080174,3.0332027794839966,0,0,11
235,2811.72086429119,43.746702431136775,6.559332428854913,0,0,35
151,2825.2150347416605,71.9782796150166,11.484011208010418,0,0,80
301,565.6047903810548,26.552699051491942,2.216001572295351,0,0,22
490,2630.49376648687,80.55226925573615,3.588327788050531,0,0,89
160,2225.4227522100105,64.92407464496853,4.44053334385088,0,0,76
123,795.8703320363533,60.81836835423084,13.007659766682817,1,0,89
246,248.48960811846794,38.58714114941203,12.700006180622363,1,1,85
75,840.591937308915,50.83288968620617,11.464548801070906,0,0,45
370,2741.0142985055004,61.74818359289605,5.759527069222853,0,0,62
350,1917.8770909425282,49.883900821914594,8.051274133155907,0,0,43
267,2177.111249648722,71.33976577435321,2.837104610417118,0,0,76
484,808.5994357718328,46.20120864516116,5.302751471403043,0,0,44
258,2172.1950589457197,24.215952265492884,18.056399302979028,0,0,23
466,132.9584435198751,25.32370936609949,19.614143182280742,1,0,38
458,1157.1979700303907,5.551358040079403,13.305532127165598,1,0,8
340,1898.9223781998771,33.59098297807388,18.419642548444983,0,0,29
332,480.98486834689464,76.14717584545936,13.212096107627076,0,0,82
189,2477.8605446184574,80.44545733957291,1.6307332360039277,0,0,93
199,743.34233149516,24.234416499096252,19.93848911474177,1,0,34
416,1974.2292828144164,96.10917970278373,2.880093732044163,1,0,132
163,1245.3315705972225,52.72826538061204,13.970194227456153,0,0,58
205,1808.3286066590592,92.11298115675775,5.803887858421011,0,0,80
475,366.97913025527896,72.14270177685496,8.447641145232243,0,1,117
320,99.8927597687416,73.63117518712924,13.272749511217826,0,0,77
271,2733.2150607718886,13.079144024076758,9.293259636846434,0,0,12
428,845.4085258631892,25.899157055208413,5.760375119691437,0,0,22
415,2468.0471582023542,5.8374091629749,7.35447755068817,0,0,7
436,2998.0833863929906,73.03212584529007,7.4894142215403505,0,0,67
152,673.7222110967879,37.721637400708445,19.22715418565606,1,0,63
351,832.253686490899,79.73198902725295,16.173647302545568,0,0,69
325,2005.4363735222637,37.1989408940175,9.712426658108601,0,0,42
110,2898.073472071833,82.8367064683918,4.796597486485918,0,0,83
253,2751.6523271626947,17.416334106089735,16.409306094990463,0,0,14
499,1533.4827841934755,21.470449891963277,3.9864669605590968,0,0,23
21,2395.5753334538376,37.38327126047397,4.998782125698065,0,0,43
248,450.4502666447081,43.80630194381597,7.954254444962872,1,0,60
58,2933.4426434018364,38.126767030082945,17.726615721187812,0,0,42
51,2894.8420404061603,77.54646808970588,3.503946704048095,0,0,76
175,533.0004257435544,14.210382299537898,3.3224496642359957,0,0,16
91,933.2982181691646,38.365616865656364,10.385524777800054,0,0,42
438,345.45724264496243,84.53779995396864,6.251800280779819,1,0,111
300,851.5669167496301,11.345722339906338,11.805830891315038,0,0,10
167,2457.0695787748596,94.52263322877896,9.581097008981246,0,0,93
225,1166.0310411375153,98.70010001584123,9.26422302067312,0,0,116
499,310.7710530829372,13.413976513382607,3.1274864392528725,0,0,13
167,1059.5652980977684,32.67088961429501,3.679944114746963,1,1,77
471,2945.0808360117762,40.37806327335883,16.60049297149015,0,0,32
143,1907.5666060146486,78.75718002200898,17.831772013863144,0,0,85
76,1277.6747918981653,61.61304715108971,5.458987124819754,1,0,95
345,541.2886148169465,66.2147415467939,3.155749528970612,0,0,72
16,2959.2215519868996,76.96343316775807,2.0149167667557015,0,0,89
445,2471.50457732623,16.20800494651744,12.55765466109604,0,0,14
23,880.3580422302123,84.15489840647493,14.591711037503906,0,0,76
82,256.7026523775089,72.03388139711369,8.083389794860905,0,0,86
408,217.0453942637962,59.847463893655174,13.913841482322152,0,0,52
414,405.1155410413248,89.52485680439038,14.546217495630996,0,0,97
172,1763.2673216625437,71.52910361896167,18.771503346541202,0,0,78
75,2789.8520925562025,24.161496449947414,2.2325991188670375,0,0,26
356,1515.3931126176542,45.82581120218834,4.653542741390516,0,0,41
139,2536.6891732457816,51.93407235889466,2.3019937643427744,1,0,72
428,1365.3655285864331,10.245674541288537,17.4918847333861,0,0,11
475,2140.3214600150845,95.6905637692053,16.059156040637802,1,0,132
215,2209.0245749951773,17.214839775703453,11.918199341814942,0,0,18
285,563.192932414849,71.25882038653906,2.58960479097248,0,0,71
475,1115.5873739786448,53.091948428633614,6.192934814420672,0,0,51
265,1930.0413617871704,7.435063739020146,6.656677113111821,1,0,11
275,258.5549941438802,92.85101020711436,11.654120724292925,0,0,109
34,1116.543553900722,85.92449683779866,5.902833986697594,0,0,86
459,1627.6584255295177,54.80450315086438,2.386237414346142,1,0,84
290,2988.862254481684,26.749521933247298,14.884483735212688,1,0,45
262,1449.8740097362002,16.554174614608954,6.682524021452815,0,0,18
319,2457.3674334872544,39.522285546052025,9.595109363442711,1,1,98
298,1324.5984909465224,29.2656866993786,3.4256660646638015,0,0,25
173,2399.352631728141,53.13566409559838,16.248417764497013,0,0,61
104,1806.4736647793197,96.80888313172575,11.745105661557094,0,0,90
279,2665.456552432075,59.62058185681593,18.130126897987395,0,0,67
330,1262.2805294328243,89.5434503095593,10.413959698241333,0,0,102
119,1832.6980384733627,66.83348956209883,18.887087764539714,0,0,61
345,1908.5551078255407,50.14842002578404,17.945495883245194,0,0,48
319,1281.2796783113963,86.18771845967026,11.952737272725445,0,0,94
247,475.72052887807047,49.77997046643476,18.743975324847405,1,0,67
390,326.0002503913899,87.51967619848429,7.138686198596494,0,1,166
445,99.18107426891765,32.6997931096977,7.947201091380015,1,0,44
396,2626.926079523383,17.23724200748387,1.8640810748147016,1,0,29
492,747.6009911041489,86.25487411447914,12.194817228513209,1,0,122
434,673.9449103812158,60.80444056030334,14.716555428649734,1,0,93
399,2221.304431256893,89.4637778336512,15.69686461459996,0,0,76
34,994.0475336078057,94.0935846642764,3.846509434875963,0,1,161
150,1542.8318426149178,10.094697085287672,9.439022373937506,0,0,10
126,529.407642627496,52.592083676592495,4.360401029784397,0,0,52
491,2881.2498783128094,40.62163216208028,13.580419628230729,0,0,32
401,2562.16513005085,64.45654772166114,4.000981076013595,0,0,74
414,2598.17938774676,80.39116373422074,18.179109995165422,1,0,105
491,1249.9825582874155,31.656070517565052,5.382058267566854,1,0,51
461,2298.9655804361596,57.895846515451304,6.536643059476652,0,0,57
34,474.43465839985146,72.32921509096546,17.167220120868993,0,0,73
88,75.42605764575183,17.770952869394733,9.710884592768751,0,0,16
77,108.92015110518297,82.33635606537035,1.4559229702013874,1,1,193
182,1780.4751253434533,62.580411986032445,10.397138772850269,0,0,64
453,1393.4149704814254,95.20605652579692,2.606323372222338,0,0,82
21,1578.1452792801333,37.25524731741586,19.7215496550589,0,0,33
297,72.01626423079725,15.273864522033872,12.174119838656445,0,1,25
137,1296.9255279894057,53.11761409850791,5.87411973460859,1,0,70
105,2168.3010755425394,13.152023312396691,11.710635911404736,0,0,11
101,1355.9464208039358,97.10501971578064,2.460474964253342,0,0,86
150,2210.0466586210555,8.675071034433195,16.197934781107524,1,0,14
40,737.4059449706626,76.58287060519426,18.58123302341911,1,0,109
343,2448.7689132210903,54.88472782351318,17.61444337591703,1,0,79
29,1785.8721593376843,40.01896198733743,7.493394443672693,0,1,66
155,671.7511433182234,11.255005628322191,7.189594273224001,0,0,12
486,748.3254037688072,64.10585779649273,1.6666646131096998,0,0,60
325,1902.6898704801342,60.59593129214075,13.376606815317418,0,1,113
456,2498.321799976708,31.683910941421978,11.163190899606104,0,0,35
399,1276.1019569860077,91.47106163397964,9.727581055219485,0,0,95
169,811.986265926397,33.890450697569506,18.244988113359433,0,0,31
358,2607.684240386271,47.723914006250084,4.18969912057408,1,0,72
52,2024.341460664963,56.65743331227229,1.1836590671134644,0,0,51
263,1371.8521874850758,14.522028426747179,2.393012590294543,1,0,24
139,1489.3055760739405,93.55536332529508,5.244057318720009,0,0,104
69,652.5565804123694,40.5809344828489,1.632425436005682,0,0,40
160,1899.0677586912896,12.674025318062643,10.554030502219574,0,0,15
476,1108.2904061015215,41.792661499156345,6.967718649437983,0,0,43
296,2987.1532711893306,62.01924197379517,4.429177153294521,0,0,58
14,1466.5413700225693,53.79700382302631,15.251597424024581,1,0,72
476,1483.3625382593589,70.98148753354103,4.884575198418071,0,0,72
427,1719.262772861482,10.27097449645151,14.064496918882071,1,0,17
275,2754.4302092003027,32.03135797584533,7.63603321110514,0,0,37
354,2412.413394586263,82.82690479980971,10.724727452588535,1,0,128
139,1380.833705903632,12.58990034017928,18.743473757175074,0,0,12
391,2170.162834619748,86.27116569611597,1.7096810615004436,1,1,204
276,1779.3947214032469,13.730128747325093,10.505025642071775,0,0,15
187,1502.4827936686843,84.27315041471114,17.234036246224747,0,0,81
262,617.331529713834,39.274898102479035,12.171510719036622,1,0,59
424,1418.6119771919282,63.1598610094355,6.260539822337976,0,0,68
65,775.1648317165952,19.52427598655983,8.555941567755653,0,1,38
472,2748.7843420623813,11.286028563892181,13.925046945842917,1,0,18
466,1039.4500998142234,25.514129381912834,17.925425991962257,0,0,21
480,2859.178842873448,17.146112701326075,1.7802611011856202,0,0,15
92,1622.513105779398,34.67856027956502,2.3592376159171518,0,0,40
402,1913.0559170946728,53.86640841854692,7.175978948582164,1,0,88
108,1651.674311243517,60.9321490386759,5.422814004312101,0,0,58
158,431.67282005176764,80.03747020107558,6.033686838225714,0,0,83
338,1158.672596073426,67.34278985859407,5.204129973891738,0,0,78
165,342.4810312189906,62.832040887307535,4.720675928247997,1,0,105
199,1887.7144303409762,44.11929261114859,3.481855370516544,1,0,71
380,1368.2788758412948,50.01180132121318,18.745128504109523,0,0,44
272,2345.0556661342634,44.379478792067204,3.7395998142169082,0,0,48
89,700.387918948141,85.0057728558314,4.883671720545188,0,0,71
409,535.4698723665381,26.850042992097986,5.679048755634929,0,0,31
261,1248.680081343115,5.543488496486639,18.72728258947799,0,0,5
106,2783.4268804942244,66.87539023649273,15.35856853842061,1,0,105
269,2145.7443542866145,24.23390744568898,16.004289175994778,0,0,25
269,1285.82469313911,89.56093794943189,2.9904069312314627,0,0,99
112,1575.9529007752162,86.60940132213233,16.88988762529776,0,1,158
49,298.4283829724401,12.28910033317956,8.755668554530942,0,0,10
282,2954.4988943095336,15.106898514337349,5.993637498035386,0,0,16
110,2015.9015488500108,52.0413012634333,11.9392515868859,0,0,50
368,891.9420019670963,62.87615296308869,16.621475210517943,0,1,109
389,1778.1347629349707,31.11629206081287,15.794390870423278,0,0,37
317,372.97297990353223,73.0957830864402,17.90995216904151,1,0,112
230,2899.2181729823715,61.51702198729279,18.634511534293434,0,1,116
317,565.6157142559296,35.858290426112696,5.524319357127242,0,0,36
429,1961.6894382628818,7.410291364019981,9.053299989216162,0,0,8
133,774.0906644898448,76.26427672335917,1.2779422448963302,1,0,122
431,2166.8060788131806,25.401598253382858,17.70711152603614,1,0,40
240,2341.623033358829,84.2750056289497,3.936870878020583,0,0,101
187,2036.5882002887263,44.92757470515424,17.368021434511192,0,0,44
72,1862.773407752818,59.822357050017715,7.258359117745331,0,0,65
494,2682.7838271584346,87.93012938885518,7.994538209641626,0,1,169
125,281.9487974197862,87.04418508739558,1.7435128351933282,0,0,83
200,1026.1985590515758,40.29435964813946,7.210697005541072,0,0,40
71,782.4480649109956,24.844444807910097,17.87890997322402,0,0,30
265,2964.6411880929936,78.6388773842165,1.4854006213104787,0,0,64
492,1198.6998500172767,46.14261934220246,8.720221987887783,0,0,43
16,2211.2074627591765,23.243989388105387,1.5965929664420817,0,0,23
164,2069.9392334489635,90.92040752012927,8.047545077072234,0,0,73
101,675.6396505582643,23.819898452903303,4.280172174825532,0,0,28
479,755.0431566240763,7.451680978166952,5.7921494720990685,0,0,7
23,879.7894624814506,6.926597507904897,17.67436909006696,0,0,6
464,1262.8254708651687,64.1199588631551,9.28493519181593,1,0,104
238,741.258943669054,67.85913076816539,6.202161836636332,0,0,62
95,107.97187410320103,34.54896198041347,12.197429181060407,1,1,82
142,2644.2095175812265,35.40104397847102,3.700032236819065,0,0,40
192,2898.549002573608,37.251921930694564,5.928440540996261,0,0,42
395,1057.6326417431255,69.61506194209348,11.378711384454881,0,0,77
71,1048.595294305145,10.522710147548715,5.512937795113308,1,0,14
228,70.9208476843944,93.26605350567594,13.903427010616593,0,1,152
414,2056.739530574603,26.13949919685741,10.338334742930929,0,0,24
255,2485.047692458455,99.96895449799877,15.667792334839127,0,0,81
239,482.49448606200934,21.294655909782765,19.0166461787269,1,0,32
88,521.0157306330947,78.29691344467587,3.2002928976007468,1,0,114
158,2380.7455874157413,26.224191768314377,7.358635189706352,0,0,27
147,1868.0577076447266,12.680446156109127,7.0714321946897245,0,0,12
480,182.3386450017652,88.11866581331164,3.8724754674078308,0,0,88
323,1886.513621863731,86.58136962313473,16.395759609335947,1,0,124
385,961.3072823891099,43.33918728271213,15.43769537673701,0,0,38
432,1137.7392086389955,71.72763354134055,10.204083945853581,1,0,112
398,2320.7076839757965,57.921263604972125,11.217644778097583,0,0,62
74,2442.2588183842013,86.03083079900614,2.1313386220474286,0,0,97
22,1231.0520491775003,34.93031708527217,11.554639694213867,1,0,58
222,2844.1011612187467,54.74887799990359,16.035488956373094,0,0,59
483,1249.065017958613,51.11037526443229,11.902723898093287,1,0,80
251,2326.916303928824,38.62105349440158,6.040821032287959,0,0,32
222,1477.4379304645643,89.68823113285536,13.683417174352407,1,0,121
190,2697.720363240148,20.75840284294087,7.868280169339705,0,1,40
347,2727.895668768027,19.203320754466134,11.35259240142897,0,0,17
494,307.8795832196974,59.80640585566138,10.26374190229957,0,0,56
182,2812.6553273651657,67.4619518485695,8.242325018338422,0,0,58
169,2485.327782485226,23.488829160833692,14.658681627488567,0,1,39
173,2384.3666072223673,42.11815701418929,17.793646127731755,1,0,68
474,642.6884520722912,94.92356508298066,1.099037851061574,0,0,86
492,2425.1016658262615,28.42865515561403,18.73871386537698,0,0,28
197,2557.8915673208585,68.49426670115244,10.718787585581275,1,0,93
404,902.9934866397452,75.31419240127113,14.313905726902039,0,0,81
200,2859.167231168855,47.572226449190154,17.256866757341665,0,1,90
414,197.08743187753453,94.06496874216039,9.874970153971129,0,0,89
317,492.232297079062,74.9823898457851,16.864507393932914,1,1,181
265,1635.8643572519672,48.502835086785296,4.3747765696488425,0,0,43
192,1748.5877898108135,59.08684416872893,4.024183155116475,0,0,64
126,1953.192745737665,70.79827712538456,13.491956008266918,1,0,113
291,100.05893148062606,61.25806714077573,17.532717105483005,1,0,103
205,2883.0819851352844,88.4762704634772,17.956097373184747,0,0,79
43,181.53487356572478,38.90442291663811,13.231068709167685,0,1,64
61,472.03276053403704,33.48914530530146,10.984295373977032,1,1,74
121,91.34282670186809,25.31469450205011,7.296468666233808,0,0,21
261,1722.2323782175793,8.589381966136537,19.620007896387296,1,0,12
91,2800.187307566868,9.086326616105257,7.074218046658759,0,0,8
241,2014.5441399373694,87.65524334538186,15.139536037400271,0,1,155
236,2476.8395320172604,69.4473489085612,11.107654198195014,0,0,81
242,89.17955020281124,67.75057946646618,12.561734507981587,0,0,60
230,1648.945130515192,63.39106779881418,8.476130461183898,0,0,75
445,1405.7107836412895,85.67581874593996,19.331639383972707,0,0,96
422,1521.9554354513396,50.62535793823461,11.86196419588615,0,0,58
431,263.0288967388044,87.68902871303852,18.81796497871701,0,0,103
51,2069.084315154457,39.14727748731272,1.1442369073043683,0,0,43
30,1534.5002238329716,93.0372129122136,11.880741080631298,1,1,225
51,2307.1891070907286,71.3724131077178,14.626550904780158,0,0,70
406,1481.6073704820603,29.43182792232059,15.156523252082142,0,0,30
122,490.67582686797465,58.58806756041939,18.194560753851945,0,0,69
114,1962.358014529575,55.63790334138428,1.0836305710719394,0,0,53
201,558.5397682102404,18.100388064381725,1.0062730259300523,0,0,15
26,2623.563961896704,61.16807604630834,9.97300575510909,0,0,68
129,1858.6929052542625,34.904634253111006,1.5565803951020425,0,0,36
402,513.751456493015,9.97313284691223,19.516118519585117,0,0,11
434,2888.89726956956,95.12233498212366,5.2192383162864475,0,0,79
138,1579.1781168391958,65.94158506110733,9.98062985793205,1,0,102
139,265.0504330213822,88.30729852773047,2.1616149702322485,0,0,79
69,1899.1570680244483,69.22532047625904,10.918919907253912,0,0,80
57,796.9367756877901,38.91345075331073,8.21916637780076,0,0,33
38,2420.895683038042,53.70536687123708,1.8485405486672515,0,0,61
106,2462.5751170202625,69.19594223298182,7.36736106722827,0,0,58
19,2937.8946997712524,96.22397089413657,8.437284384234257,1,0,126
251,1530.515116522286,29.098598616561166,19.80850833422386,0,0,26
323,1392.1227951968244,88.12282056929118,4.949831566468134,0,0,82
453,2272.753036067118,92.7873915029556,11.350812692031894,0,0,97
241,440.7884362086834,68.68947389260087,19.758995434773944,0,0,59
286,1663.4007656897163,93.4703296031271,16.048364950862567,0,1,166
293,1661.4304203860104,42.79846581035001,19.87398251675969,0,0,38
212,313.9457122906423,95.53653672384206,19.397667978543215,1,0,157
256,1283.053052245395,71.76437333076761,10.301251299788932,0,0,59
299,2567.190155773246,8.990547904787132,14.23114114754075,0,0,8
273,2575.653184884248,91.15291902281001,3.098419411881871,0,0,96
452,342.75111151305896,51.0249168581533,9.381827675889236,0,0,59
223,317.626604106101,48.73106355389412,16.37135230306725,1,0,80
209,824.9516571557091,58.81432756806526,10.601371098565725,1,0,98
442,2630.5598845342806,19.191531943266654,14.351281623527406,0,0,16
88,430.2626259668219,49.57077461390287,15.169275269701263,0,0,56
410,2173.9905677509664,83.95708558818585,5.815913683614983,0,0,93
453,348.43857785865447,6.470833618063957,17.638288085908744,0,0,8
352,1888.2566685560848,30.927130230815273,9.7366261872744,0,0,29
353,1100.3985324014773,5.233185712165201,4.993516968809331,1,0,9
182,2377.2961907493077,44.49257436923559,17.442901753980433,0,0,43
476,739.3868240348227,74.1899734969048,8.93855731601882,0,0,78
78,1935.6453967003815,80.88332376588971,15.255936329214675,0,0,78
425,745.2634769988606,94.79302730706563,11.412628372210266,0,0,92
437,2155.297835180854,62.80793823222472,8.25556329245551,0,0,64
458,2627.350201954209,29.18955233202507,16.387651885732815,0,0,28
96,424.0653074239421,92.7940551679864,12.104928701247648,0,0,104
110,2606.457281356735,78.65499661863574,8.420679946113601,0,0,83
17,1801.047000522179,59.57070588529873,3.0823595363674134,0,0,64
342,424.9759480577207,71.08582049329891,18.01346096156745,0,0,63
209,1311.2484733111505,92.81005372570577,1.6739221214916644,1,0,157
96,524.5378657810388,72.67743270492755,17.400559618993068,1,0,114
52,2116.02627215638,39.99557822054973,7.839268972779954,1,0,55
394,2288.6609965329517,72.73767921746419,13.147436506526711,0,0,80
118,362.0997348047569,8.826425459861849,18.52179475287802,0,0,8
444,1543.1125654492007,41.70947837390522,3.88242569457407,0,0,34
417,2453.1439152764556,43.60068802533003,11.772059037137394,1,0,66
492,2811.6809725754397,20.849632269979296,15.524224385033648,0,0,21
161,1564.8777068882216,7.193120652418167,15.39409282166209,0,0,6
26,2853.323709653651,17.671217480585568,10.987006377390575,0,0,17
142,1630.282462845288,67.18904210072023,12.870049738222704,0,0,79
157,1212.8619590697285,81.21743755455032,15.393012888524046,0,0,74
286,2552.1992292310415,98.87933180906255,16.97952511739082,0,0,85
241,1504.2989958513626,37.904532795306956,15.474448840641411,0,0,45
323,1442.112406165343,61.941026114804664,7.72609392044361,1,0,88
424,1496.4218437589934,94.02877184743659,19.93780162009693,0,0,101
375,2548.015755515749,20.8689692271245,9.255551180666783,1,1,46
237,2504.2275479797536,73.17633070256055,1.464829352419735,0,0,75
148,1240.383977698623,76.7229796491705,7.889722080123779,0,0,73
445,1033.2345866180488,13.452675907587146,3.4278761369030217,0,0,16
408,1501.1876709154315,86.81869159239118,3.307409698839125,0,0,84
220,1739.6789037244716,82.24497947553017,6.349165762030992,0,1,151
400,753.094771352591,8.173285624856273,2.014134389367956,0,0,10
37,2392.1674999109923,13.653019413604891,14.081731579781698,0,0,16
60,1485.1241589106476,9.66705491972597,2.4057887998361966,0,1,16
451,1035.434367838881,36.80063552093941,4.862501553283167,0,0,42
270,365.1219292437723,53.38245411459299,2.765094575388268,0,0,51
270,754.5932231906404,55.57303415568974,2.2001868871575905,0,0,58
359,2850.379456680152,30.42834217809705,6.0872816452512915,0,0,29
361,950.0440761176035,91.60170422322605,11.86608038554703,0,1,161
17,548.1349036327542,39.984965037831756,19.329025572489993,0,0,35
329,1408.98473538223,9.327264816708489,17.63557643264252,0,0,10
147,955.9088429127336,33.5215755964317,17.64274458346117,0,1,61
47,153.71978830002274,55.45539514169477,4.345273684715495,0,0,49
120,1003.2783909742809,43.78107314588204,6.033236676458582,0,0,45
489,1655.1204406214322,31.01503931442962,2.451473019110808,0,0,37
377,1677.5514974589025,17.475708727610154,15.790898458388515,0,0,19
229,1101.8488174718216,82.82062750914183,2.326509728225677,0,1,148
346,1369.543130945172,99.63379800179823,11.577217745596212,1,0,166
232,2898.277858792561,36.306502684768795,5.709635874155064,0,0,37
145,1163.1780078294194,41.25399919677737,5.6254670465461505,0,0,35
265,811.7690991169497,63.71356484431092,19.8237760497045,1,0,97
369,768.2277799969423,73.25194009987642,15.37881633259221,0,0,64
418,1400.4056074771956,42.24280580634117,16.901847807529954,0,0,47
338,2290.584438714985,90.96830411327245,11.86767102153624,1,0,153
459,657.665143355996,58.200378976747245,17.549271460481236,1,0,84
472,2142.4235750652656,47.78705725856344,13.264320244160706,0,0,47
443,112.39197888077804,66.43391155019098,18.977300391130562,0,0,64
460,1285.8522850526408,95.51636558367146,6.345433134867099,0,0,87
58,2338.8019423482215,80.48246797006202,12.311071369875005,0,0,90
301,1049.2622195345725,8.801247400836813,14.11249561080095,0,0,9
391,1713.0244492639283,36.56944152029617,8.465808795528327,0,1,59
333,654.6887368364369,49.70174507036616,17.71445166567701,1,0,81
87,2238.886403822208,34.879169359865,19.616260098978934,0,0,31
114,204.2233546428409,71.51781827889337,10.38162033608057,0,0,85
178,2565.000802382726,83.4955692369452,8.422172441282441,0,1,146
226,634.679339943921,74.4777840426008,9.966820642572715,0,0,78
387,2629.4741935395755,98.98666224868614,17.2019981689067,0,0,82
128,1089.961261836526,30.892026549837766,13.263900084845185,0,0,29
199,2181.9165446997354,88.12400202732005,1.8506750778438064,0,0,99
264,991.714628469256,77.82915319157618,11.301228298468581,0,0,77
379,2722.4394301422103,39.40698196802388,1.3287023320784264,0,0,46
275,423.57952027920436,74.74183164741203,15.792172049064703,0,0,77
158,576.6333783541662,14.88721585973346,7.237933197306811,0,0,17
173,1504.4388692184668,79.98668082235247,9.968142160229258,0,0,95
149,291.71839516253107,55.57140724577475,16.17488401224501,0,0,55
356,628.1415448701977,32.76756640737905,1.8825275284294696,0,0,34
497,2834.1108275254423,67.29884366949712,4.012289176240598,0,0,76
267,2930.6445003862673,65.95389987786885,8.561247152457181,1,0,92
383,1159.9650215247448,24.90119115836197,5.368578107365651,0,1,48
278,2773.69376199111,7.887754407094983,7.420127089726199,0,0,8
190,1657.2327932366236,46.194145755659015,19.965320019956835,0,0,50
169,845.7402743276128,59.10362758772001,16.682874313902403,0,0,49
360,2122.076227187766,88.27750144520685,17.79413448424206,0,0,98
409,1993.7603293958286,93.18059558652146,18.80403803774973,0,0,86
297,2967.9196913707633,55.236495724892805,7.4777817259697175,1,0,90
297,831.8894978573857,76.61133095801176,6.644462198132981,0,0,77
389,2032.5755328521195,46.73381087115971,5.447187358869423,0,0,43
235,203.47007733686834,75.87780487442484,16.772221314854328,0,0,90
20,385.25581415532224,24.456144869220857,13.911485383418514,0,0,27
19,61.559206105725124,40.251149806335484,5.4872676671746685,0,0,48
280,2998.4090091260355,65.25165988729341,8.162882754998643,0,0,62
282,2416.7074065850593,6.7250067326724885,10.627523514723167,1,0,10
433,2370.8328934639453,73.63382448220062,11.03466108820132,1,0,114
411,1553.6919221001301,84.37587262047585,17.88582684248258,0,0,91
192,935.1978945710478,42.918457803925385,8.23075652599711,0,0,35
466,496.22963916489397,47.55452963183061,18.261956579509736,0,0,44
162,889.7904795970678,85.87181016057045,9.385983646076003,0,0,100
497,1159.1151046909604,78.68719035597317,15.181080821054723,1,0,116
324,2281.1147860918672,32.374201458170624,18.674832079716065,0,0,38
343,1642.0022772642997,35.7777301233462,18.24393837530206,0,0,32
133,278.57669833867396,69.49343207710668,2.082104478617942,0,0,83
482,103.18557642879111,58.503818782575316,4.908381604554827,0,0,63
123,351.8799296254863,20.41180925416721,10.061203085113227,0,0,23
287,1260.971205407269,34.44334137677081,9.199531509109038,1,0,50
423,2802.919105294604,90.49841130347214,13.176941631906933,0,0,105
477,1930.3373195672038,70.37657148861503,18.949471965682832,0,0,72
222,2415.3864046327694,98.66756018012435,3.1356895142810277,0,0,106
181,1425.8050537884183,77.86619034817309,9.58531463755057,0,0,65
297,1116.9149454253761,94.48757105364108,4.655809719855647,0,0,99
444,369.78109951403707,25.537914517695164,17.988044369561003,0,0,29
183,2634.0024154493044,78.29106310760794,19.327023530231404,0,0,68
122,2360.3220856323132,6.920664414040756,10.095331955916652,0,0,8
385,545.948387913289,68.72220206259573,2.9761956568346744,0,0,56
414,1561.1686634349685,49.58181642142293,15.920598667730792,0,0,58
492,1487.7556833676724,37.94220683240652,14.245685659355582,0,0,45
131,1894.0200804252595,86.92841346784347,7.738745705595899,1,0,125
41,2841.2513372742205,86.15543080246542,17.860742005410305,0,0,73
231,1760.325753199315,7.118661965371141,19.540805905871437,0,1,13
128,1643.640936996925,62.90298663269594,11.599223133473712,1,0,83
48,198.45265215725863,39.94406131049086,11.748830315541554,0,0,40
277,235.57705425317062,44.48779514254267,6.652756597161779,0,0,40
242,602.6730344140273,84.04387022578372,12.105614683682969,0,0,83
440,145.78877649065743,34.43477829512943,9.353204089972085,0,0,28
27,2242.8910419315366,94.58963701057391,6.741629511632986,0,0,78
158,2183.8243967821913,22.065213505353373,2.276518733954125,0,0,18
406,451.3658915733467,67.9586302199769,5.801449334473373,1,1,160
158,2516.4327573460787,68.84998136630765,4.759238343875624,0,0,71
135,506.6188027960303,28.95854033565223,11.29879770652503,0,0,26
401,938.4679816422084,35.85130785188419,12.431730413508284,0,0,38
311,784.4818525260267,84.30585679509434,12.562862761814312,0,0,97
369,1148.305940790491,77.37149922072048,8.375439019867903,0,0,70
247,801.2581093753876,36.264108629902154,9.003364940024424,0,0,41
144,1492.4052329934336,55.72587195881872,16.85053016317216,0,0,59
160,1251.853249996322,10.859628144044068,10.048423456826086,0,1,18
245,2960.3799977990134,24.830858827869775,19.767693310605324,0,0,24
233,214.98273287826572,51.15295309173791,9.352727370168433,1,0,77
212,469.4350603426873,13.167504851525102,13.342037947738941,0,0,14
265,205.83638703037732,85.11657371473406,1.9568969808745202,1,0,120
95,1896.2315251980085,73.21058996022654,13.413458563957406,0,0,87
159,210.80236837047278,94.64519871160701,17.177101493885115,0,0,102
244,2517.497225259564,70.87935606658257,18.906698932132628,0,0,67
354,1560.218960511687,94.33813036490763,19.949091621155638,1,0,126
31,1604.6724925155245,57.678692790641676,6.361394267335429,0,0,50
357,1706.7037977509729,62.02076805088709,11.93203123168862,0,0,62
294,553.9004336033217,97.81225018949479,9.5636417251108,0,0,98
278,633.1863941877383,66.00226895210474,11.712532130928249,0,0,73
475,990.5111024753638,7.9247240417709275,3.991606186607086,0,0,9
267,1800.8144266744616,73.7612637798997,17.26684187932289,0,0,65
38,669.8474390236329,91.01952575305448,18.281809923547165,1,0,140
222,393.17859504312065,80.58012373046103,9.543571599145528,0,0,65
472,2911.844814934375,60.46416089941515,6.32816736989796,0,0,58
445,114.8463536883876,68.77383374388404,3.675835125407234,0,0,76
292,2417.957345741264,99.06821997890881,13.991531670778285,0,0,95
59,2374.703691246315,13.61289840838714,6.932404952793969,0,0,15
104,926.7816358430332,68.38825872015775,18.281232828354383,0,0,81
472,450.0985172215745,31.922780984206412,13.749237022052531,0,0,33
416,479.6045077809991,65.80858767568616,13.268021178310573,1,0,89
97,2107.423270849718,62.72423970897418,11.628640202066576,0,0,60
53,1946.2794437042123,19.578399050275397,1.8697504491457866,0,0,16
470,2359.099739041591,24.64093134532272,18.706526278026153,0,0,26
287,2815.5694585773585,64.05480991410528,12.93081237268974,0,0,72
180,2091.185721636446,17.18184499385854,19.887177684279095,1,0,27
430,509.76203282675823,30.19218313738067,11.209771690684853,0,0,34
198,768.1557194579615,84.34832703511023,14.49210694621805,1,0,137
362,2534.471506075688,36.07369307015567,2.0679815994582214,0,0,41
193,667.4529237109152,51.36571484561798,13.002987359644807,0,1,88
12,263.94083501572015,94.40833183885482,15.528342620216788,0,0,108
200,2124.676159424639,26.579163439509898,15.791771602198589,0,0,28
127,1237.4527486959191,42.014471649010986,15.632121392375423,0,0,38
28,2764.1181550104156,62.613488676636834,5.299369918579686,1,0,106
32,1968.2524597263016,76.75719830287736,19.53257107449929,0,0,91
422,316.73598448539923,90.65707173770699,19.908460291873837,0,0,93
39,2846.176873398299,91.96993381948394,2.436321628070424,0,0,105
304,812.7439277387253,78.78080706539917,18.79248203342339,0,0,71
117,1044.776846698543,26.69142947636449,6.499534691783017,0,0,26
376,1236.668220366449,7.356886354043751,14.09639755326833,0,0,6
290,201.1116743927241,41.45852338378426,7.424107493986511,0,0,42
137,1514.7204955802843,18.447140843843215,19.38733214408931,0,0,18
238,413.7895486721121,72.48682650663832,2.928573307767174,0,0,64
120,1232.8624637306377,67.8074057484431,10.457189522171145,0,0,72
145,1084.5938745766487,9.17730595403821,9.132908046899418,1,0,12
371,2329.878246108185,84.47640901744036,7.1944455932817135,0,0,70
195,2419.353009316557,28.630610297662315,13.265145826722824,0,0,27
153,502.5680030478096,46.06157217164901,3.4900591250116824,0,0,44
81,1131.3260027687172,68.45370486829553,14.61658594454024,1,0,98
138,1151.3918250439035,45.79478475096406,19.63125035229096,1,0,64
373,496.6608096114509,46.922341265994625,16.286615574903973,1,0,67
270,2405.437839901012,11.234659556895336,17.34031830528136,0,0,10
12,2136.323568589499,43.13713717970036,7.833098120401048,0,0,41
458,611.6262695762524,77.66054985589842,7.172845523143155,1,0,129
397,1131.8296303517072,91.94175203272678,10.823918739112532,0,0,82
113,362.1248233267169,44.282228021020316,1.868805680483181,0,0,48
492,1903.2094614244795,45.240653553512495,18.96180455467412,1,0,61
233,408.047177418428,71.74957510074695,3.7319182873076517,0,0,68
329,2958.5057974435076,94.56334010500127,18.157247744193754,0,0,88
371,2353.0121203291937,30.37078932273922,2.5880622180067583,0,0,36
363,1201.2037212727855,46.813699621104,16.629873625892643,0,0,45
482,1756.7636002240956,80.6174581374686,3.8872879916860876,0,0,87
19,2738.458357838406,62.920889090533656,1.7245006677379813,0,0,65
414,1684.592877167687,15.505702676575698,14.670299554928764,0,0,13
393,564.7705348739678,64.63460987841523,6.325040703314138,0,1,128
311,1167.17489896442,22.740897036746055,14.575426902902642,0,1,40
240,2537.277351837749,53.47051373744839,11.546619758983576,0,0,44
228,1950.4283971693728,55.26481042774166,3.067340414371246,0,0,51
420,1969.636933784711,88.23931941137356,18.71047139272211,0,0,82
75,2607.123382781043,48.93695603118162,9.593969320506075,0,0,41
434,2687.220519514389,31.54703011240995,14.954498278175071,0,0,33
121,2763.388086749337,26.941803080522998,10.519390868296878,1,0,39
22,329.8051200968105,88.05392828501193,12.48286802426289,0,0,93
402,1655.1717057911476,21.246031169731697,6.752698254777156,0,0,17
429,2234.5030875940397,45.457513283898656,4.806845776065556,0,0,54
95,2282.934193124691,22.781445918059966,11.30883386475329,0,0,20
243,1839.8127958115115,78.46388381086567,9.364160486449038,1,0,123
99,542.0226387918387,50.0654007975888,8.41215105524473,1,0,79
323,2402.39063412791,38.35865060289714,13.778776706797839,0,0,33
63,2174.32843386909,39.30446585951435,14.119626008211583,0,0,33
21,304.10052606965706,85.96034963868304,1.8724810657339979,0,0,74
218,1418.2389827894099,57.60852565797162,7.436145390629771,0,0,52
471,563.2333285893205,73.19744585747004,8.82352645430117,0,0,63
23,1045.557284853267,90.21865904381504,2.840951062119194,0,1,169
130,103.33922200677203,90.66545922386099,5.4821164672674785,0,0,88
427,1230.9731118117368,36.208360162096994,1.981194147232376,0,0,37
446,1672.1369174108208,95.48286999890661,19.928599873723392,0,0,78
386,1877.768648839906,7.3632087913875175,14.994586856427045,0,1,14
29,2007.2965181296947,40.799378296535735,2.66155297355232,0,0,35
84,2517.059373652257,90.10089146333995,1.3847382160117503,0,0,85
409,685.6155764634036,31.09050358261338,14.666468202893324,1,0,41
252,405.42137619348046,30.942737780525245,9.344651147970673,0,0,26
232,2562.034657098881,33.74911708277943,15.949137472226944,0,0,36
79,512.0078039333172,63.16977156045761,18.54604471854929,1,0,100
321,2925.542239941776,46.64161368336361,12.386707391311077,1,0,73
220,2535.487776725979,74.03980945356754,4.5550600354278075,0,0,76
110,1527.5859873743175,90.01651104364325,15.8616866848826,0,0,106
195,2945.1932035199743,69.04894061957177,19.160423120313116,0,0,69
141,337.26135086861245,24.424338418769672,12.024394454139163,0,0,24
120,944.0439954665499,93.6047807242477,13.957951498333937,1,0,131
390,1932.7620243698038,30.12682296801046,7.4120192056967875,0,0,25
141,1082.5202619958773,19.23995805617502,8.249026198545913,0,0,20
29,2788.699028343336,13.546891491791285,14.958435459208214,0,0,13
403,243.5969601245618,58.52145536328573,18.627650869729564,0,0,59
33,1670.7649045798455,15.807433935661921,12.950779357262693,0,0,14
236,1793.0554888155878,18.18370899069992,16.0071102612216,0,0,21
163,1975.547965142811,33.50289565657218,4.261065330892087,0,0,40
302,804.2153588288526,31.757035920024062,5.027222714901497,0,0,30
239,1125.4709611836001,62.40275348155352,11.108659049834412,0,1,121
478,2538.857562511684,82.59080154990474,4.354529652613969,0,0,95
319,625.0811684619715,77.32821733927477,13.064906334197548,0,0,93
497,2489.260149161418,29.93602319806529,6.54141052249928,0,1,52
368,1709.83349756309,28.304497308668093,16.03911975467095,0,0,31
414,2298.453158022542,96.75019536016192,16.354096585672526,0,0,86
211,2155.1417304772413,5.782442951236212,9.811961659351708,1,0,9
47,662.158911385393,88.5734506407205,4.435402065715071,0,0,96
439,1727.9975724799249,23.97420931662847,13.288724260556718,1,0,38
269,2609.7833007750223,94.99201069352794,19.86295334700814,0,0,84
197,1324.7428985656916,37.51919205861437,12.829227060907943,0,0,43
66,2901.4427721587845,46.83341851985897,1.6797191235661493,0,0,45
438,1384.0345453000682,72.1764583247162,1.328585539574569,0,0,64
29,471.21762817025984,60.82855988995973,7.086877439353818,1,0,92
282,1198.832306229136,35.20423632214816,4.719892330347692,0,0,40
128,2857.5220988520846,57.61393700744323,16.447972935722852,0,0,68
80,993.17650555257,74.41715401447419,17.051307673684008,0,0,82
13,2610.8895716078355,9.021819860736748,5.913756654899047,1,0,12
230,2649.689510961575,6.063933999291891,7.187250762047961,0,0,5
23,1083.050246779285,48.51635921192467,5.488692386587179,0,0,40
12,295.61009124936476,17.524478691333847,18.259268400054015,0,0,15
225,2187.445832018514,68.11270768914787,10.550337357823363,0,0,65
238,968.9612820912588,25.334983341606247,13.466603837558377,0,0,24
345,2359.6246620598386,46.12085514558874,8.894159647292462,0,0,39
195,1355.8318023682777,23.778739003055552,12.989269676586092,1,0,39
64,1481.5368899107336,57.10594064616683,8.331252157712985,1,0,88
397,2344.832749908184,16.025078641534044,7.453890316855284,0,0,18
385,1177.9718266318023,7.195151014810625,13.055121390296124,0,0,7
263,1357.2256687025979,9.857505620136234,12.230179482930795,0,0,10
33,1159.7618828703853,95.65455194395444,6.5770311291910435,0,0,89
171,1133.654520067976,18.5171907680389,3.8376205560699947,0,1,33
167,1601.5424018593053,72.30543404799934,8.002957182924614,1,0,112
91,2435.9583612783945,11.452989401168495,8.888755143696276,1,0,17
412,1117.2165201715693,15.275233462342307,12.945002335067493,0,0,17
168,1596.5514255863231,53.34324388388679,18.376046509100412,1,0,89
197,2028.6456100556725,49.16273836466265,1.6875111531255778,1,1,112
69,844.8463665957823,95.4001293967876,5.6295592382950534,0,0,85
412,868.6922744620581,94.75936803697005,4.680602903311646,0,0,112
314,2803.568724719192,79.06282104153418,10.543593765181889,0,1,150
328,2184.4269913267112,62.19967386209822,9.164315333820037,0,0,66
375,1752.7006948587612,48.22123015233605,14.85171485258358,0,0,53
220,1960.7741605408053,38.836960761200004,5.605902338352413,0,0,32
415,136.4333571550842,94.97331696267777,12.295468949245413,0,0,79
161,1873.4037484070057,62.276337085345126,17.793288008399227,0,0,54
118,1553.0511760113957,60.011890130169476,18.302877058447788,0,0,52
85,1659.9615553493352,27.030606568046913,19.21690748977559,0,0,26
39,1110.3002891509104,9.43629269908574,15.691961889519783,1,0,13
323,290.3479982531786,94.79291507715672,18.213770218919386,0,0,108
495,620.3507391555539,34.80484959024212,5.45608656772021,0,0,36
126,2854.6969039773817,47.04595721582358,4.754037942659063,1,0,68
424,1255.6637086992553,15.890794640642149,1.1232735918300025,1,0,21
365,1426.7153097010494,84.50781134138273,14.430042791152868,0,0,88
201,205.49388006764502,7.62502412131341,18.811876568461145,1,0,10
28,160.82037715474274,84.22912239941417,4.551771555791852,0,0,92
441,2165.685268787935,18.327076214856845,13.101927933110698,0,0,21
182,1637.3792591572783,89.22359069995944,15.182735425213773,0,0,91
237,1550.6826534379866,74.32840054693496,18.624670467813075,0,0,64
359,767.2173647468726,20.643674938193982,13.290344256327211,0,0,23
192,2247.0146583082706,58.75270932164947,19.435580922226293,0,0,54
122,546.2979083700511,34.70234986374585,7.548789679238407,0,0,31
192,610.3074938000091,21.932144396600428,7.648642141656746,0,0,22
490,1409.1009054774127,86.6223089440553,11.317237690272567,0,0,101
155,894.5255932302257,43.33466281818679,8.286535741202236,0,0,40
328,780.0157946377818,42.86165286471134,1.0270888374631197,0,0,50
125,1953.4510514323283,21.1392341066289,14.90366847665276,0,1,34
122,1970.3666483947063,41.391239228148976,15.282623788091184,0,1,68
260,2482.325355909791,87.80360040124077,15.192517489048639,0,0,95
485,1282.2402725702789,39.497227496515414,7.555392665598865,0,0,35
260,265.6010185271432,95.40233843747987,10.923499992912266,0,0,88
312,857.3158355183001,94.8993454247968,7.839496845356719,1,0,129
468,2941.01611643061,18.765372634197874,1.3046916005822697,1,1,42
322,1808.9627969364712,21.844569084651262,11.686529884156956,1,1,48
127,2143.7244001630097,86.95403668152947,3.35145265559621,0,0,95
310,71.70559739497288,42.31228729784832,2.5207851577373717,0,0,46
170,1578.7069099384366,5.4155283168858865,15.354482305238957,0,0,6
410,160.7095397188192,31.017822872010246,1.1806178459440069,1,0,49
207,1729.2291256697715,61.774754353578196,19.221160428565796,0,0,67
269,2766.274006426422,80.93026676619697,10.789851918138961,0,1,152
157,2906.8364349762032,17.671918623859657,19.67731218341682,0,0,20
249,1644.6303923973262,15.501429619589858,2.10195387698146,0,0,14
56,1401.7041754940371,92.5988020893715,12.087061428452351,0,0,85
484,2837.8004280330574,76.35909494314535,7.637213683542313,0,0,84
408,2037.1490043902506,61.02906207391745,17.02616736347143,1,0,85
207,241.45287463830792,78.07274504961316,7.863231969451439,0,0,91
56,1423.8904541191177,45.74116432413065,5.949264002089633,0,0,46
87,758.7228044696965,77.05329599436702,17.293509414898352,0,0,71
133,1435.9227482736105,40.3212841710809,8.118408741411958,0,0,45
84,1393.623437418767,28.188984386797223,1.319833077350668,0,0,26
368,1767.3271683034889,74.25627502283203,8.415492915947342,0,0,88
146,1102.4729465302912,44.86886775494049,13.435923111207897,0,0,54
99,534.5978258949877,98.23082491098852,5.832831237321255,0,0,105
409,1535.972332040371,38.20109231926959,9.207764256077988,0,0,32
334,2499.098508819998,92.56410495045127,2.077587627362285,0,0,84
70,2008.8360727994268,93.63144211387255,12.173763038765188,0,0,94
147,1048.1852044793868,27.976029971150883,15.369603553347481,1,0,46
59,2809.792917138629,80.83101225086126,8.852938666621096,0,0,71
268,2741.0123351850875,46.14207798873369,8.984420023227742,0,0,39
470,667.5777781830914,92.16484908688307,2.6773674731134123,0,0,76
116,166.28187610507078,47.76180590034769,4.836876425727668,0,0,48
122,2236.8606896347487,75.70885314704978,3.9388307594303407,0,0,87
359,2491.450270980002,49.361903870560795,10.152067604569222,0,0,40
263,2905.200469556498,26.641071792721338,11.055855278064252,0,1,45
127,2675.0173625605166,23.938262249745197,19.02986249440094,1,0,38
207,1821.5775662089238,45.41596345435283,2.391398581267444,0,0,51
346,1613.6544006765234,76.77199241635041,12.397491489945896,0,0,86
374,132.13110122462956,62.48179109217285,11.003472019236584,0,0,70
60,777.6365181920946,70.41978254055161,10.808428860780754,0,0,60
254,1405.863517612133,31.821003319534533,17.5900264602737,0,0,31
412,1904.0865052465251,50.73635786597252,4.905230943214243,0,0,61
435,1693.8929082893114,9.217550172086064,1.7746922124860576,1,0,16
44,2240.776169560987,82.66557951602147,13.773158645049659,0,0,86
311,875.3124461167705,99.0397554127881,7.557991818583623,0,1,187
419,1716.610192574796,43.65351094934373,1.3342084080379673,0,0,52
78,310.0196180028368,6.041547047496618,5.7761061385178625,0,1,11
358,1270.3132945704606,21.13030075734,6.877208710119426,0,0,18
329,2262.974457216073,66.99005338628979,12.719929158900598,1,0,105
430,2095.53251761568,63.147535229366625,4.27913008693617,1,0,106
477,2972.3960746579282,79.84714836062668,8.848032611114562,1,0,126
58,869.7788216638802,29.118981041301474,10.167033443938818,0,0,33
414,1519.6584325632384,77.54503197697774,9.725510435917727,0,0,75
83,1022.1147206332903,70.35848204474863,19.504874566668853,0,0,59
201,1349.7791864745654,35.66737728281511,1.864580518015626,1,0,49
270,2578.002883114695,56.82137406541139,19.06839554259559,0,0,68
365,2068.4167718060353,18.99101180734104,12.056807065886632,0,0,19
79,2653.201514475366,47.99362782638035,16.118826584426927,0,0,39
99,650.357769579065,88.71374725778588,9.177459742305434,0,0,105
269,2626.415297632242,45.01318108341213,9.622919743882628,0,0,45
135,226.29870882623405,84.7588371151651,17.70720348130065,0,0,96
240,2671.3678772895996,61.07406969967097,18.02275542954614,1,0,93
304,1020.7676494091473,23.228287744723893,5.535088747194655,1,0,31
428,978.0335185714961,60.20509324630016,4.785595693107745,0,0,63
138,1560.6613012610585,53.06841626992103,10.42846830352907,1,0,90
289,2825.0360537835336,42.87092684365648,18.10526351542614,0,0,35
322,190.95502581014583,16.36489175402668,7.12474677471735,1,0,27
109,1089.0813764586987,44.587323065486835,13.388277691443495,0,0,40
335,2576.8873666158406,11.912425742764576,14.454882067071422,0,1,21
306,1218.3607084346268,14.38305988288137,15.79481863298896,0,0,14
191,637.5128479113476,44.51207062860802,11.714564700498302,0,0,52
183,1303.1428349276648,34.011240787004056,8.646648387300422,0,0,34
325,1187.3798794004244,92.92671095691122,19.373303787180486,0,0,91
373,2750.477794326775,40.692051511125705,12.615284312754202,1,0,66
197,2297.7064084421363,76.99652159684952,14.842739021032145,0,0,63
66,1540.0908894448187,55.373515004793056,7.554674068221688,0,0,46
40,2965.6931718286346,71.88813852102187,13.729034439058521,0,0,58
93,1422.5687172639737,29.71101838646292,5.8981555811183926,0,0,32
161,221.80160091981193,94.48097241964126,5.656841433044087,0,0,95
482,823.7092493542054,55.358407206870275,14.5797218343791,0,0,64
45,1336.4079166469721,83.97578677209872,10.906499988995767,0,0,84
222,512.8627412310543,39.67934088023078,13.982255598025406,0,0,35
423,2845.317122655927,14.52007815979983,6.119331324213742,0,0,16
417,2312.2042485624306,69.00260653348063,12.375743480077878,0,1,119
373,841.4472412619293,5.737166592055326,9.434739344359139,0,0,7
115,1792.8733738778517,50.15283277372329,12.34224545006503,0,0,45
423,2178.2750134732373,23.316180753313628,6.526714912640168,1,0,32
351,2826.772840275054,64.6006729213594,14.593568309333353,1,0,97
229,2650.8242800674616,98.04488794809596,16.312657957029845,0,0,80
400,1569.8170671077305,49.118276100461365,5.938413003296749,0,0,40
172,2335.2252283894018,82.66233436993834,6.7117906372572,0,0,83
448,1708.3270237913757,53.2394977603565,13.561931124662767,0,0,47
229,1680.4764756343434,52.10480295488229,14.216118311767339,0,0,42
279,388.4887770976661,93.3902318519839,14.377894003551551,1,0,132
129,422.1060911476486,89.54675753093474,13.9712715907409,0,0,89
403,1612.1241643162493,79.65104419285757,8.463346622098237,0,0,76
345,843.1415576880695,33.14429656509449,8.502219813669889,0,1,55
409,112.05886225838246,56.77579949377435,5.8415348492432475,0,0,59
191,2182.375651505626,26.270237164040076,3.9798402980308967,0,0,28
488,145.83546023598663,47.17208631442128,14.158970208541207,0,0,50
115,1806.066681256961,51.00024124718011,2.770586933473944,0,1,90
226,1640.6216926755774,84.00580381608644,18.818053448948852,0,1,139
214,2908.003337204523,90.12269470587434,16.707039769757575,1,0,135
79,1478.428761075543,44.3889059276654,17.292609059187868,0,0,51
53,237.6242373145022,6.681922281957535,18.226707477688613,1,0,10
338,1677.479505029062,86.86851477998869,8.76349444374156,0,1,146
310,2531.233703317499,21.556474457629268,17.08731374365762,1,0,29
237,2990.705388630248,64.07878656958738,4.003164705541337,0,0,75
193,1319.5123623827637,7.372235541242463,1.4111940975564778,0,1,14
116,994.8812903653904,42.95311514975361,15.912936498613153,1,0,61
93,2724.627226008397,98.66622870095823,2.4211363119418468,0,0,91
347,614.164280774558,14.565892104861295,19.78196867919251,0,0,17
259,1865.5152993471336,45.25084943996602,13.821132162429564,0,0,39
372,1246.8575513337958,34.179245268045456,15.315544494600005,0,0,35
450,171.19297661888808,90.9833717218851,5.670273269279453,0,0,99
30,1074.5009992018083,87.58731025119874,13.803442484474076,0,0,84
205,832.4241413828901,27.581382229091737,1.8211788078441868,0,0,23
187,2073.9689041332863,12.71283976979096,16.918688678548417,0,0,11
426,2848.9319681911584,64.57814743580616,4.222857767599876,0,1,127
484,840.7392027669814,36.95502762895242,14.24980326984164,0,0,37
16,2443.824520497461,68.848017107576,5.265129523421838,0,0,78
79,213.3114599683081,8.051376826442375,2.300610219094812,1,0,12
136,1637.4569796174487,17.672927341861495,10.148379892438491,0,0,21
408,258.122687944189,70.20536211340112,4.216437995183,0,1,138
475,2805.397323835386,25.17521225373729,14.859435778204446,0,0,25
169,2310.736277644301,86.47082919742815,5.513751024286212,0,0,80
257,1990.9522380535475,10.566134332462866,7.506978568480748,0,0,11
212,2480.49432579276,25.470788364629588,11.781345774024986,0,0,27
157,1960.1833969319812,99.86322360608152,6.41439727396892,0,0,100
481,2908.385971664159,46.1422297457453,8.181774207989271,1,0,75
152,2156.175946201076,71.78173803674113,16.496813649767347,0,0,63
441,2777.742898267628,22.3529896414163,4.404987141659488,0,0,21
208,1575.539081431382,62.937529823626086,2.5618302001567397,0,0,68
414,395.3400182964948,73.98007649509475,7.238797917527366,0,1,126
435,1608.1242781979004,34.8752804073185,9.063158573263685,0,0,34
163,424.27484278612525,83.74522563770839,11.310526360594785,0,0,99
385,1797.8557635703949,62.32466995486691,8.076050227325133,0,1,115
393,1473.3545285566056,41.96668591342787,16.008322304233296,0,0,50
151,1886.5974236067061,57.97602736760006,1.747070265700992,0,0,63
322,79.6385941117532,59.79228050641281,9.2035832257726,0,0,65
174,624.779450383324,20.72585280591727,8.262862378471688,1,0,32
323,1499.4247741407862,43.259575137361786,13.30399132533032,1,0,59
30,2853.9855066879477,37.62590586185185,19.35924878605052,0,1,68
91,1181.6466690477173,43.08575864501697,10.69713272594838,0,0,39
78,1301.8974768582223,77.3055059060995,19.75066009189269,0,0,93
140,2158.3534625695356,50.8411487093339,6.742738503350752,0,0,46
96,1831.1886339940481,94.33003455773012,1.5864945183067594,0,0,84
227,931.832142790083,32.89925926905144,4.147600182051843,0,0,35
430,1261.908366923912,44.49183993706826,8.50737281071678,0,0,45
481,692.2144066288357,79.76089699550893,7.010344274582492,1,0,104
314,2899.763304434115,56.87233636547128,2.8440284886841756,0,0,48
412,435.37142559421125,56.96767391032254,9.22054204612362,0,0,64
380,1146.9185144709375,10.067315485492434,7.424199661531692,0,0,10
354,126.22496804903301,42.866967958253305,3.3297651886913306,1,0,58
350,704.2495012039619,30.719704580064587,6.626225481626269,0,0,30
393,2352.389858221457,99.93683666895596,17.84228505175242,1,1,220
405,643.4669352521944,34.29373171006948,6.738928444297463,0,0,31
454,286.18703746044855,89.02717080541703,14.56515304159898,0,0,105
434,1449.6368805413438,69.24220482884536,12.628894513497357,1,0,100
170,79.40924246682957,37.38705887324859,9.116442085759063,0,0,31
187,300.06015555768283,56.63576594554175,5.541487099269714,1,0,96
126,2432.4963152107766,84.85090859517341,8.011279287572965,0,0,95
205,2325.8463673358387,88.91998831293662,12.250037055949813,1,0,125
392,2749.6595201944433,20.237418125583794,7.664311080237744,0,0,19
499,2570.820535936711,37.25944841477612,5.0830322379104045,0,0,43
336,2065.3679115574632,36.846202120289306,3.21279222894101,0,0,35
95,204.38192903695537,8.994255627214745,17.715571820281742,0,0,9
298,2359.40342306064,61.83258718593017,9.365946539286208,1,0,94
90,2544.256891979653,86.20790503425786,12.87895811311567,0,0,83
161,2407.2923300272655,41.24956684342419,10.3177968615993,0,0,44
70,1550.013154158677,75.30341477349681,17.578763848801305,0,0,74
70,737.0604240159709,64.6315392920703,11.391762196516005,0,0,52
363,2543.723428281744,40.68662987183508,10.134846941033153,0,0,46
37,2195.1302887334086,18.400680951768223,18.56741881801254,0,1,30
451,2943.245464447112,72.38576601371689,14.674102324861737,0,1,129
52,509.2931633800021,86.18369104941785,3.119448239590289,1,0,132
178,715.7105200035625,70.15617677814173,4.376384762739467,0,0,76
432,674.804542150433,6.698455983307716,15.955334395849397,1,0,10
95,2387.992314482943,25.54212496714417,16.88117510241913,0,0,28
186,601.3765245278486,11.600598563935531,11.358625752715634,0,0,10
26,246.646497978753,59.18667945974154,11.534649329466145,0,0,63
107,2995.7543794276044,76.86537948983917,13.006726294177446,0,0,87
463,123.21077376318998,15.505022771522647,9.34319971137015,0,1,30
207,2513.9699774686537,84.6420929563716,13.923783346194176,1,1,197
107,1127.8321825744258,57.773352947570906,3.061143893761898,0,0,53
74,2532.765606285555,70.54705615346387,19.26430560498034,0,0,61
339,1686.1304490728778,97.28317561782139,15.252941652103512,0,0,91
350,2709.8121269847625,12.949693883531246,12.99230987617113,0,0,13
14,2782.2693099231487,90.61628218288998,7.0101190831801325,0,0,80
11,76.8396347782892,16.979756118803884,4.0581542616778545,1,0,29
31,272.46591917872536,42.33108663048481,8.777516312749949,0,0,49
121,788.5582522340236,85.88667615145586,13.569958070907111,1,0,113
66,2024.48047827233,91.09415249009749,13.040485125039108,0,0,93
75,2670.402979708943,53.105308986788806,8.27018194624586,0,1,102
339,1406.82875631719,61.43994063616539,12.652441482829465,0,0,55
107,1840.570693009083,72.27399678686294,16.461217615783404,1,0,109
153,606.0745657469054,84.11207350300785,1.4994106744145341,0,0,81
377,2424.6521599509715,16.543561106078286,9.561799910675237,0,0,15
444,2903.6179284927357,81.95658428177663,15.41254934086903,1,1,192
134,842.3668520980625,50.72123429860359,11.376744938804167,0,0,61
176,1509.7365572216117,47.80922538527606,13.37804567065233,1,0,69
95,304.0425259938027,45.270476439714834,10.816851459501498,1,0,69
85,1699.4531365657567,53.37510059837405,19.845616348963908,0,1,92
353,1533.2111534477076,94.77980257248734,2.0378091932917264,1,0,156
433,476.0876282574789,57.079358415254404,10.329851613675169,0,0,65
303,1354.0953286983213,95.55186613499822,2.736914433175836,0,0,83
453,1035.6087236553617,22.127562408485854,4.035925680157838,0,0,26
68,1589.4010821503086,73.79291798910015,8.277728657946975,0,0,64
147,1777.6802895149576,82.16275616783098,3.9552617385092588,0,0,69
108,75.06195689126805,69.51723897681188,19.31005615317637,0,0,74
201,2294.9676497011883,62.657616621521335,18.989005757778024,0,0,60
252,2153.3921609921354,58.657214203187316,7.386083278191472,0,0,59
328,1130.5448393092406,86.78839584497612,13.155206528715912,0,0,92
58,206.16100992801387,83.0564267306275,11.141313091281937,0,0,68
457,2277.0509923658988,16.617428512156955,16.496152629799603,1,0,24
41,2867.7667234104906,85.61582741793342,12.921466586521902,0,0,84
400,758.4472082649419,44.33651884684203,1.0047966353206799,0,0,40
286,1004.3976105242618,29.101198849602024,15.500313326585038,0,0,24
29,592.2480239713541,87.62801396132296,15.190114304626244,0,0,73
163,1751.9615638672772,46.04235596520545,10.68473140576314,0,0,52
392,506.7821142099921,81.79464556679758,18.155460491428023,0,0,95
77,1100.7721332110693,30.023343135805227,18.26047790811763,0,0,26
375,2106.188391106076,5.373285535110691,10.954321857383547,0,0,5
381,1702.3421498775779,52.06862332577972,12.551776392734215,0,0,55
223,1190.064564767409,14.521684381074005,19.933919366568773,0,0,17
152,1289.7363253322485,76.66571577486641,6.677584461416933,1,0,109
385,1708.227103738527,31.227137926593986,7.16772760391807,0,0,36
241,67.30094726712585,47.146336427330475,4.472704150606431,0,0,47
222,281.60411193814906,13.268188683697653,18.021471843999493,0,0,16
88,2649.711299900884,32.232628602489,15.145279409036059,0,0,28
223,279.74301781930774,79.24157310956434,3.0072141285345957,1,1,197
125,2135.0706088209904,19.400851630720346,19.653579672761346,0,0,19
101,2764.1125841217054,66.48015830706095,14.888272455061205,0,1,132
279,848.5166326901068,92.1554560164276,17.159920082494516,0,0,91
420,1142.9497393255672,69.58449217698343,1.9148649942908176,0,0,70
390,1728.318147241913,82.04706048276155,10.594257459901186,0,0,92
498,2651.041460433825,15.352304783872,14.273367447813746,1,0,24
177,2828.6214824182393,28.819523470195172,11.315985106864986,0,0,30
67,2231.711581928241,89.98119096285615,13.666301848286272,0,0,87
293,305.5282945213474,72.93503329371848,16.53960720821898,0,0,81
35,2024.0047588278098,65.75761350584456,8.112404196243727,0,0,78
378,1260.3959795243532,68.0578399315615,17.124704836755484,0,0,55
456,1438.5679484986317,44.349052658941126,4.095405990540524,0,0,46
75,194.98775151827226,9.232880003677057,6.1468350455011205,0,0,11
418,613.6333110717567,79.52194649671925,1.8235667786191896,0,1,148
257,2382.0151422242607,69.47775744045862,7.924109415369771,0,0,78
263,1389.1785574911864,49.916424090708844,8.218281351658286,0,0,58
396,939.9036128118892,90.47716345998445,16.300141346937767,0,0,100
465,1182.8562681966266,36.93516817358439,13.409482735503463,0,0,40
53,2570.4785643107566,32.96056570196741,9.297728604957666,0,0,39
106,2259.5471013446227,87.91565088254707,13.390165593851215,0,0,101
51,853.3304216841942,80.71382720210362,2.0028836597981323,1,0,131
236,396.63042862650127,53.923082011592754,4.425159184349146,1,0,72
271,793.3947538500115,17.419800248495747,12.912009249593345,1,0,24
176,2766.231530611464,25.431789789179984,13.185969565280743,1,1,59
445,1765.6870716567782,67.34165908883662,15.708558515441116,0,0,73
288,1623.7666157971094,41.578917594839105,8.656995422018442,1,1,92
98,1809.3611190927616,84.46495320826726,14.728527835706968,1,0,113
388,1129.78338395222,95.24572588655938,13.995626318643598,0,1,164
187,2430.9657099425626,81.53550790111723,19.304474189027133,0,0,90
436,1593.694435435737,40.86681518457793,5.087474302068904,0,0,47
412,394.40631316794685,79.92521077698528,11.48191171130015,1,0,133
206,430.74211824573575,38.386958979714926,12.433524400098918,0,0,37
316,1633.7344821827242,20.87450833773522,19.974309813750192,1,0,30
276,2812.8821433089756,8.172354462256452,4.822498701166382,0,0,8
277,959.6387589447863,41.643087712296904,10.941142379378553,0,0,40
83,2615.146448134694,90.83813385124178,7.577520846559138,0,0,97
17,2304.081980407694,27.703725836789268,10.991966403000996,1,0,40
417,781.0467065753752,24.61875066832948,5.410443439959012,0,0,20
485,157.20520753291524,97.13297459789884,1.9046351901222742,1,0,143
306,350.44943217002907,7.3753907208062515,11.878743624056089,0,0,7
173,2199.0571048499487,79.64930428740666,7.38123200135581,0,0,65
494,639.0257272199077,35.53014579538268,4.45688663322024,0,0,35
94,1145.2492154909116,8.561355902617636,7.154775755482642,0,0,8
81,1530.0125397189533,92.19124131991045,1.9363238275071535,0,0,90
64,2190.1310969279803,18.26602136991044,19.058402447711963,0,0,17
402,384.0321086144199,57.419031953941065,12.04181038449195,0,0,60
56,1248.7808955685114,31.03514970580704,16.48060494559347,0,0,37
408,1480.9650819709514,11.19331620754565,9.039245753406878,1,0,17
441,1645.439838716042,9.742636138021012,18.16297868375753,0,0,10
247,2464.163892115889,15.977886389452184,10.183046209492813,0,0,19
113,556.4506753774899,11.779866319491106,11.904961121812718,0,0,11
219,2433.102782888536,77.25302097439268,10.34408562119048,1,0,106
51,2093.9913617051243,51.128789216925774,14.93228762148538,1,0,72
325,1689.81890188693,37.57474867815307,11.766465474439185,0,0,36
477,2113.6072176875873,44.74504646254068,6.1603795480275565,1,0,70
463,1265.4523299073862,93.24993987939921,3.76525109513028,1,0,121
277,458.2728786059675,91.52142221012399,12.516363388776576,0,0,104
395,2014.0074587828335,72.98926561164481,10.29441926939369,0,0,61
272,1597.7833047225856,89.04482585506034,2.823538237226146,0,0,103
345,1936.1556616011878,35.366562620824354,8.5167318500721,0,1,70
396,1047.0964040340455,41.20538597078687,10.780752018008618,0,1,82
374,2725.2564031525158,63.30265727615166,16.71097144268621,0,0,71
268,1782.741112297952,64.24446499324009,2.4459200608338847,0,0,55
292,301.9373286580778,50.76148461117239,7.621411616674056,1,0,80
123,1376.9217725780645,43.06249560160556,16.630466331497324,0,0,38
372,2281.2503614937214,98.68712960282603,13.320054703659997,1,0,164
49,2392.6969571102036,83.00674448118382,6.5092081142719485,0,0,77
495,1509.0613056530883,46.323118799364295,17.061367318430204,0,1,80
426,2689.5053339523383,74.09278533775901,10.372578030691155,0,0,86
229,839.6218897231778,30.60836085898365,10.468685934898751,0,0,25
138,1261.2661568528865,14.516085992546339,19.555159444807302,1,0,20
17,2700.860886178462,38.48094742751036,18.99521356149119,1,0,57
110,2693.957313591158,43.28241601172245,7.812120984027034,0,0,47
425,2072.8526680328087,6.571026833263726,3.671003444598564,1,0,10
389,2583.9926140105495,82.40524015541013,7.1876679132837875,0,0,88
185,311.88113752088634,39.12337322697224,1.5791819459163727,0,0,45
116,2601.7351798129403,60.13972574911397,1.394589847497433,0,0,51
110,995.8287243231689,12.026502790740818,8.514920588776965,0,0,12
269,576.0779616632382,21.62469873130548,18.87937663124745,0,0,24
487,756.1410172090367,89.52090390611819,17.555789483411946,0,0,94
463,1283.007098640967,62.825315148866075,10.717413844434837,0,0,62
375,791.0164135831783,95.27698476619612,11.739301242245784,0,0,77
255,995.6743787486722,99.88125326717511,1.112736438175073,0,0,82
284,448.18653391134416,40.326710956643964,5.094521960841544,1,0,54
41,923.7214583990457,33.38629108791109,1.4707084117532911,0,0,31
146,1738.2372528989035,86.54382524011419,15.336251121212364,0,1,143
21,1353.4684388686387,99.86808556855814,3.767270124503457,0,0,97
404,1072.8203456459378,64.81591725208344,17.51189494705952,0,0,56
311,2252.0337801284863,80.53836863859462,13.223161959839977,0,0,90
384,2685.8544156102876,79.26585658745107,5.358954853798553,0,0,91
25,2282.528207562071,38.75727228085696,3.996686024581745,1,0,56
138,1029.4020712471536,59.55568612442328,12.92486931753801,1,0,90
72,2246.1043951207835,84.1404094201003,18.115902625364146,0,0,99
118,498.34153829845104,70.37081824480028,14.648844159373251,0,0,71
384,434.4380648693082,7.010562328293634,7.6223863804641745,0,0,8
30,1069.599759256669,36.98703854526568,12.160288310104296,0,0,32
167,2432.721988679968,18.725191176487506,6.904472212076006,0,0,21
278,776.7273293647905,27.132360147413713,19.98384176879452,0,1,49
171,236.59755625110478,91.02150036167595,15.227944580775173,0,0,74
269,438.54312885874754,8.504862446522974,12.673251155378319,0,1,17
421,2583.2976571622617,25.881067636382756,9.041923712550755,1,0,44
111,1919.6606900044985,34.409088462631985,12.744893514931588,0,0,33
232,796.9434319414312,63.60398683680751,7.490705186879361,0,0,75
68,1688.122684718135,55.739660558157226,1.5484319497025845,0,0,48
256,1606.3598861547837,25.73560087107168,8.506681924776025,0,0,28
137,1983.5361363999507,20.602901386199676,18.679135572017472,0,0,18
292,737.9032855437681,27.495813286631286,12.899720800703452,1,0,38
334,2599.9888122234734,52.74031453665728,2.5951583583471307,0,0,59
34,962.6372581360379,30.761889642564327,17.814878654505492,0,0,29
140,2097.6883792298986,95.02223765273361,6.108622137488782,0,0,76
362,97.56770679803392,49.067196035740515,5.631620368571822,0,0,47
205,1149.3385331877344,10.585621571740521,6.644728406826095,0,1,18
290,1087.5439629784844,74.28030855448017,11.966842486393192,1,0,117
413,1653.2790643198928,36.240302379854015,11.349073775245555,0,0,32
427,264.57197224272966,67.08144854553352,10.336861337834753,0,0,76
163,2380.8875524920195,31.56146519970704,14.633200406739913,1,0,44
391,692.4533652143272,59.22065546466539,7.014216895364221,0,0,57
142,2047.26155390193,78.35448795670915,15.85922590987619,0,0,72
236,2419.475763570075,93.16083046858263,4.331111889193384,0,0,99
198,1707.5370209124637,29.80707872114232,15.869794992463175,0,0,25
485,2235.6054598298574,36.81141034490321,13.612391999755374,1,0,55
486,2002.4879210342663,49.10530992716427,13.980957881404143,0,0,46
274,1098.8129015984225,93.08160958491894,10.14951454541794,1,0,154
381,2436.1326901490174,90.63175139701242,13.67302912093643,0,0,75
495,919.3690411623076,13.538436609560613,2.516143884629691,1,0,22
443,1735.0781073669757,17.53333344661203,17.179471223937977,0,0,15
143,2248.9233304675417,52.07337184641064,2.0553974362652743,1,0,70
220,1167.9199339468973,15.128830916515232,3.8260886875584523,1,0,21
69,943.1644424714038,37.83018296812626,11.95900446144749,0,0,32
437,1405.070730009827,19.096610930660376,15.048817653677139,0,0,19
386,2462.992308330003,65.42383373752915,2.448779722578816,0,0,78
404,2793.269201279711,95.20206601522037,18.494531468324077,1,0,125
459,1657.996067936676,99.68970817796624,19.498545327213275,0,0,98
440,2001.325305704773,40.64790758720691,12.51305328714651,0,0,39
373,2714.6571856047967,61.90620052588817,10.143625652159894,1,0,89
373,340.71321166818007,86.34542708478773,15.086504473315244,0,0,81
466,734.6318047051868,16.158896915656477,7.238789694216903,0,1,32
222,2141.2550184421684,70.50861904993667,10.372024247997022,1,0,92
225,2480.046162641284,43.840147863881484,18.406869509473626,0,0,49
235,2578.2356335752047,24.58388522661559,19.15745307958914,0,0,22
479,1274.5661717220512,43.26159378100699,18.614313204972515,0,0,41
140,313.5527117610072,12.2162272616671,5.986513272312963,0,0,12
85,1341.4553580338788,71.06367911598404,5.416911764118504,0,0,66
485,730.6670411108087,29.010553531103042,6.655625612656971,0,0,24
295,909.0295422400413,34.58353627926341,9.384911135380744,0,0,29
483,2328.1892926706423,16.502723332938963,6.969180843047308,0,1,28
286,272.80490377636625,87.14261581953971,8.110043119042102,0,1,168
165,2491.3645915680713,51.87720653186017,12.792102090294431,0,0,44
257,1311.6238031812989,59.353953389708025,15.487987864785541,0,0,65
227,1808.3885967467554,59.09610489401119,14.975605767090423,0,0,54
199,314.4740821452531,43.99684588142747,16.474047774503887,0,0,51
426,1045.2092811539749,23.29034196662325,1.6115036610926412,0,0,23
478,314.61771109379504,75.787611107348,1.9069420038963654,1,0,104
172,2886.5539824992734,17.070345208979063,15.998276253083958,0,0,20
189,2431.4218655124387,14.868010076486996,11.128497624168006,0,1,25
43,1405.9166253515577,72.46377857166782,11.984672801480286,1,0,111
50,709.6275175548298,24.839516942938463,1.9991503440731646,1,0,38
316,2803.692560487064,34.143411378519076,5.850962222254147,0,0,32
440,1066.5599573945667,50.146609365165325,13.128731792824077,1,0,84
347,524.9040734777554,47.68837508930689,17.324455912102845,0,0,54
323,1711.334945939167,72.31501688117493,18.422684546446646,0,0,82
84,2834.1336550172077,64.22602037711928,10.507970420866553,0,1,128
450,61.299356975951596,66.21763541677724,11.364010422025755,0,0,65
288,752.4682875992963,72.83516141226845,16.827942990310827,0,0,61
185,2818.4205392107024,32.798209105229205,11.214867414199738,0,0,36
393,554.703602228628,35.621664621045,10.82031198520903,0,0,34
159,384.06818233746856,46.609786050077645,18.19659671745812,0,0,41
282,1732.0522866094232,34.20890643818498,16.00872170006172,0,0,34
334,2592.439278719748,98.56909755223202,18.272378000864595,0,0,115
117,1457.473962197082,82.33493301003581,5.146694040841922,0,0,72
148,2983.964557219348,20.64219538432281,10.963134246451778,1,0,34
359,2053.5565136370788,5.531444808777604,17.0069704432738,0,0,5
280,268.5209762708208,9.064410483490446,3.11180872187507,0,1,15
356,2978.8547884618274,28.1860278490779,16.098580931585275,0,0,32
428,1253.2879985015618,15.857672154501373,4.47649428488252,0,0,19
298,897.8374748441735,55.66712091479435,16.3542563447211,0,0,51
221,1695.7435915547624,86.50954615909907,12.628017813580495,0,0,80
390,947.7073958715497,74.9912709867566,4.671483838212476,0,0,72
281,305.04964600444936,25.48286099280809,9.99372940732322,0,0,29
427,54.21361208357132,42.933429322449655,13.95619816275466,0,0,35
75,1376.2708911147738,53.249949905471375,13.043205116787306,0,0,47
492,2518.747095568447,81.96955570281688,9.117696728402382,1,0,130
433,1738.3297976087258,84.71655229508565,18.08796404949761,0,0,82
257,2997.6615318831505,91.42323963123872,10.866004875269041,0,0,85
165,896.1976046592399,53.37829879777314,10.611478672045079,0,0,61
56,877.3424410421633,70.95610091140698,2.182761208887631,1,0,118
432,521.2609076901354,15.62103526722403,18.520287406155106,0,0,18
463,533.9875853827388,58.7024511956283,4.365214804889087,0,0,53
210,891.3004582296411,28.625721899757835,11.03854917529453,0,0,33
157,2388.878133556905,46.013104077528055,16.267784426605893,0,0,50
133,2721.9825323775212,65.23479828913834,5.093612262157223,1,0,89
10,2926.50715063766,29.413664096109205,11.02009250944598,1,0,45
465,735.2544795845353,9.957580490692303,5.5730132752434764,0,0,8
256,2649.8277595615705,5.972216358831964,15.434204958198324,0,0,6
352,1018.3525133681443,7.1051558767295475,11.722482189589863,0,0,8
137,382.879606324809,5.7932250638081175,17.263541347507726,0,0,6
200,2616.5735302844887,15.48373037299817,17.996602054670273,1,0,21
76,1926.5116221986748,27.75142788416234,13.325936166462563,0,1,51
13,535.9561434391321,26.01604384731842,14.782433677019945,0,0,23
451,1318.0022096633575,98.74567644709019,11.435181897850411,0,0,116
418,897.4101998873496,34.07057999484961,8.304145928280274,0,0,36
312,2223.543977695081,17.104974419142913,13.314240537395857,1,0,23
303,1387.5778803415908,56.82844169593701,18.257483846259248,0,0,50
152,2968.3758380638355,86.50595826276329,8.91692722819732,0,0,92
200,211.49769766580562,69.41573579482915,6.973790501102111,0,0,69
30,1097.2950351019276,33.12779846786778,8.380301832498908,0,0,36
236,1471.6054929744334,58.353535180188224,9.272554974020393,1,0,82
322,1534.2439865075432,72.91131754903887,2.3976595505766083,1,0,114
126,982.0106760376285,74.16992677493552,10.470394968264893,1,0,102
446,2201.2587348378256,68.32115325328044,10.391970712951133,0,0,70
311,2630.5038667924755,87.7269903536837,12.18043272516994,0,0,104
151,2819.221940834696,87.66001854268991,7.893580578955298,0,0,92
493,2425.0254615586023,59.99897314366531,12.649044323156204,0,0,49
469,2559.211582054468,45.836355065565165,17.686109895209857,0,0,55
410,1674.1086368289868,65.94917807868448,19.15394881940812,0,0,57
48,2486.370267959103,82.730140130194,12.088632106679944,0,0,90
402,945.336531986459,5.5369499599125485,1.8092281254359488,0,0,6
364,1225.5123482221825,99.23971585641085,19.41548394807507,0,0,91
261,984.8933907647057,22.37490837127393,14.411379157028868,1,0,31
342,1428.79263957138,49.67365363769774,7.38330932251939,1,0,68
216,892.4598679039773,87.84282481007234,3.795996318310744,0,0,100
219,2886.7537546506182,26.37883790919894,3.724953632489224,0,0,30
124,972.891652616721,50.295546270536406,4.187143716652452,1,0,75
234,339.23138742727247,17.595307117212023,1.8658779106625858,0,1,29
143,1604.1106398487195,42.53225091187829,18.14092958440532,0,0,49
260,218.44228141327028,21.82786820533524,11.274596423719391,0,0,22
228,376.1023406103125,39.544636133259914,14.299228841562908,0,0,39
416,697.1986981289266,40.479100595308594,16.73406167609784,0,1,71
452,1419.833237152318,99.3512250118416,16.039279120330804,1,0,144
100,1328.0902503116322,99.50723778385836,17.76950685084799,0,0,101
363,2409.090992908234,15.904696472758179,19.377837827974087,0,1,29
385,2231.4502289581346,73.96703403619298,9.342341680096851,0,0,73
55,1307.6389672725688,9.915820568564609,19.05637386669942,0,0,11
47,1034.4274123481082,7.868241457032919,14.74250901851351,0,0,7
151,983.5829129814208,15.00671995327161,2.342695615853491,0,0,15
109,2333.2855075173266,96.72113741575373,13.953879303034563,0,0,89
337,203.61359835274573,94.38203704999626,14.047616532492125,0,0,104
199,87.82386605628719,23.423142926664642,18.211350712058014,0,0,20
44,2396.855956183612,20.358871877602596,8.085710516931748,0,0,18
156,1457.5818091676954,27.850833219014966,12.11331850516454,0,0,31
39,436.0993587330491,53.976964437138506,1.2315634692231079,0,0,47
343,744.9195070537787,59.12194004336394,7.309429601445384,0,0,62
93,2800.8866616372784,26.051375891747497,2.182630797016838,0,0,31
378,2585.533778093449,76.87916486854479,10.915586482533042,1,0,116
290,2143.865898160719,34.407551093251826,16.531505359632114,1,0,47
433,1472.5644294951132,92.60247592529399,4.9224111504523105,0,0,86
353,1584.9546972645878,67.3886571133894,11.02137986559779,0,0,76
279,2926.971379087678,46.45336345884311,4.876164093704574,0,1,81
163,2899.022809458647,80.0416401617703,3.2930808890785683,0,0,87
111,685.0436850682112,82.70188947443316,10.708939046752507,0,0,92
224,2442.7584706006883,32.595752532849644,2.503823798044825,0,0,33
159,631.8658651926995,37.27288166442801,12.159737991621798,0,0,41
441,679.9355597576566,93.91573960421732,1.5954117528577991,0,0,87
92,2044.4744507855014,20.650398644510833,3.0275844654991353,0,1,37
119,1244.7532408332677,9.00428961147875,11.449952224259798,0,0,10
444,2798.0560009642345,48.13525564790717,12.236740845079364,0,0,42
396,312.578717943226,81.11494052314475,1.5507516717814034,0,1,139
435,1559.0006403880045,78.30847009952085,11.89415897202961,0,0,83
284,2759.6385148072077,92.35540974671909,16.9315479811491,1,0,144
210,2717.13529841454,55.654063115058825,14.724007368585124,0,0,56
293,511.7611795764366,14.506143798820665,3.492516974495174,1,0,23
477,1131.5812152845465,60.925452561921524,12.257018303708684,0,0,60
182,1876.408130137754,78.9475833635551,13.772797501410055,0,0,91
336,520.2149100756365,13.866171425633508,1.7073928332935437,0,0,15
215,2905.6654075349293,21.40245310427103,17.25160570498883,0,0,20
72,2748.510519746598,6.167612809788736,18.219080548506774,0,0,6
82,542.503028151684,61.396995047446985,17.158593193882915,1,0,96
260,407.40861071990696,89.23976723486092,16.66799789179315,0,1,175
133,301.9550242843826,68.71301502019945,15.154338770756972,0,0,60
384,2732.8588089080617,98.29380832114329,13.035208594357243,0,0,99
130,621.1902388966093,10.988196987477348,13.893913094776787,1,0,15
284,1278.0405392058465,90.78510308939214,16.321510573364677,0,0,83
440,1374.1115286734089,82.33648730173466,13.587470708864787,0,1,154
407,1817.0825804300243,34.85294444745297,7.226812176959348,0,0,29
129,261.6192640549036,97.48502242453893,8.143260941065725,0,0,104
431,718.937921331522,32.35408607628443,18.04409189907355,0,0,38
446,2797.8966414108318,89.48394876368076,1.3253196301460761,0,0,106
326,2729.80981644228,88.671114822048,14.277591043641358,0,0,79
173,2354.807409846792,76.97747357728238,19.140773496079092,0,0,85
433,107.23367457373553,58.52969501222093,14.4183352292015,0,0,69
474,1014.6699670635012,16.400261213604367,19.884327776403858,1,0,22
295,1902.478269261578,55.53731477716733,14.063353205038286,0,0,54
274,861.8111247317532,38.895644287218786,1.6528975551203604,0,0,45
329,2733.280750408643,80.26061814975841,16.71318775129155,0,0,71
170,1919.9739124057035,77.02227461720027,6.407968326847063,0,0,90
385,262.12481608351453,91.5081882003975,9.475087287624378,0,0,93
317,2731.566487065324,6.408865431012248,6.929746402234559,0,0,5
98,2875.4116416198563,81.86480559818938,6.10252801798391,0,0,80
151,279.2516342555902,94.15389504684353,9.196708369725922,1,0,135
212,1620.4626928408788,79.98354266527426,8.196277520372801,0,0,73
318,944.9246325318028,17.368473687684837,13.033433055009198,1,0,26
236,1208.875275620137,12.721514959884335,16.4498728187627,0,0,13
498,579.9710929682586,6.9802977817315774,6.644684410557574,0,0,7
452,1755.312700936617,64.73079645366676,5.060701903618331,0,0,54
343,2876.0390920842274,64.81890192668929,13.671010146536503,0,0,73
231,1534.0641708012467,98.75680285073017,13.736081250784851,0,0,98
50,294.5980151137194,42.814101539889094,18.121493546437264,0,0,48
205,1879.0039337583546,36.53109706526219,1.302968042612906,0,0,41
77,1053.6578336312082,64.32036808251729,17.20777258021369,0,0,60
485,2574.9793092943287,83.43282388822142,10.899041286018782,0,0,67
273,1332.3005375335872,93.99352520468517,12.804739694269879,0,0,109
11,618.8768463796246,81.29679578700866,2.736057370666881,0,0,90
370,613.7615869388776,45.53402815850145,9.219683724568867,0,0,38
134,2317.854333127423,65.3168523546461,5.318745737531952,1,0,103
119,833.4834150067117,86.34843603803111,5.830275571567673,0,0,70
95,2313.338512769708,51.607920389615245,10.577807178844521,0,0,42
434,657.3675667614682,25.585231152012305,16.436663057659135,0,0,26
129,998.9747876688627,21.12372677604793,15.131837672752267,1,0,28
136,1423.1865686971132,5.014985734915389,12.228999222633123,0,0,6
264,2832.4277565956795,73.23260952322201,11.248945662315874,0,0,85
192,2798.6077030237825,15.554234840369098,9.11881482145531,0,0,16
25,660.272032495749,28.16471447111434,19.48148949766634,0,0,23
486,1106.7461716670648,33.298251494665365,11.643658530450432,0,0,31
71,490.72819593862835,58.23608671299299,5.82536156793222,1,0,84
378,1554.4559839748165,42.80594134309808,5.3717250487607515,0,0,42
441,1408.7185245492665,69.09402924220038,12.615707584727694,1,0,94
167,2707.2424792296606,10.285672636226757,10.933723018907646,0,1,19
277,2793.5158644836642,16.77422345512175,1.146258256139543,1,0,25
44,1181.5238034715117,52.42509283566034,16.771242071719808,1,0,88
276,1500.6269319060189,37.01165484544883,14.378324730416258,0,0,43
73,2693.8969349810927,33.10226946137917,13.574756503883966,0,0,34
59,2429.7880328479314,11.367667508564658,2.3068324962555202,0,0,12
478,60.786118466715365,90.09332160106014,7.879061153277337,0,0,77
264,994.1757143415683,70.72276568187982,18.772262953922937,0,0,63
158,1294.2340137115714,16.553724897866694,17.38919558548591,0,0,19
334,727.6630368655335,11.179365985028358,6.425315819521136,0,0,12
313,638.7362668930193,97.61289067596809,3.984118797883635,0,0,85
285,161.46429445725502,69.71139229175296,9.532671186202965,1,0,107
366,1947.9406889557936,44.65832675390544,7.760777194685557,0,0,52
460,824.4053569253387,71.66444887179956,13.96230115741383,0,0,67
181,204.4241763723736,76.85151971561511,19.362261391602072,0,0,67
426,731.3889660577878,79.09640922693404,7.8970275496686675,0,0,93
210,2415.646160866573,50.398344037040474,2.182259280392598,0,0,50
454,2561.8930858573126,45.83886202186056,18.05466615850532,0,0,44
402,1475.045423320243,6.047668005545532,1.7210448745575453,0,0,5
333,1277.4084777056241,93.02292593847461,19.102552045913328,0,0,108
44,2934.668395830256,62.31424844694959,13.627009132171755,0,0,71
474,641.6657457848062,24.29962403304697,18.892094960397035,1,0,36
491,685.309884421095,92.36232484503648,4.793534046330587,0,0,75
225,911.0081722573792,91.91853066817815,1.7732961098223448,0,0,90
489,559.6340889292076,98.9724956147791,10.275989587253344,0,0,86
74,1169.1285147023505,88.03537349820299,9.56184487683238,0,0,75
17,2736.9609696197736,99.78951684290615,7.298353191842774,1,0,145
310,1865.2761298542941,28.245187871710897,19.195473013385254,0,0,24
352,1265.2423184061777,85.01371059392724,16.629090911067212,0,0,101
440,2806.5118439850835,83.18768933559763,13.570058406136273,0,0,68
433,192.96948580367584,26.939334125969705,4.094307541118727,1,0,39
341,670.314724810491,14.351567155094124,14.95214475615197,0,0,12
447,1719.371385050189,98.04494879937197,14.813236639294756,0,0,105
85,1865.8802384198784,33.122332394457985,9.076295298704142,0,0,28
183,166.69464435970878,87.73472009444157,18.570932284566258,0,0,89
56,1238.9643358260398,5.39207969408737,4.172579762351198,0,0,6
24,1965.0041962510745,6.99735668586221,6.0794136858216214,1,0,12
370,2109.3081118900345,49.257774326154994,2.201262445762039,0,0,53
156,1932.5127124229944,27.677894973831037,16.113568205374165,0,0,23
35,995.6615118647275,70.5349219264166,12.813428335812548,0,0,59
317,325.88436461383304,58.72861092895566,6.983865807943741,1,0,94
102,1309.9817169370356,12.361150757796686,4.112459608291992,0,0,11
415,429.8255902357636,20.449688149993122,1.762807630546067,0,0,20
241,2845.489792635968,41.86468065554936,4.168165803892795,0,0,50
30,1451.7540547667534,22.63238607576615,9.612408280415506,0,0,26
316,985.9145643527593,80.26112298817321,5.696362411201517,0,0,91
47,2310.597009800755,44.5266723775616,5.920661371207368,0,0,51
285,1518.9483481176785,13.87602735003743,17.635950966686572,0,0,15
166,964.6003708367277,51.01257571585186,10.787615795760912,1,0,81
188,2445.304840052865,13.629627200834346,14.855787489439878,0,0,13
141,2608.09884545331,17.24904401488263,1.6785080315347187,1,0,29
320,2035.3740905515972,27.762934042679504,7.938103757882546,0,0,25
464,188.54504610261853,86.65513199851154,10.104217600513394,0,0,90
357,1720.6524964912696,92.83819057163234,4.5419202489935095,0,0,85
37,2301.719990391981,83.49448428654657,3.2836392874652347,0,0,71
269,452.68388564656743,36.737335654695485,17.53577179149701,1,0,56
415,724.5787165845799,30.882411905339005,18.849200914896134,0,0,29
85,2653.3605599510024,57.16979062507272,2.4973272628627408,0,0,59
438,109.3590794665684,73.57605025064566,7.631355538306419,0,0,75
76,2270.545056586629,99.37041487521661,19.207426934745,0,0,101
351,1447.6312129175476,17.49921762849799,2.5800729295168328,1,0,24
203,1367.9778685768401,9.682739907261421,13.2291860846958,0,0,9
481,70.93477085991717,70.96380945455074,19.472206048373106,1,0,115
171,2467.2247813511535,84.06144943287103,19.586249703046118,0,0,78
356,1111.483456877871,85.4031340873102,9.953243287171121,0,0,83
448,1645.2586123366016,69.45403716233027,4.092233047865232,1,0,104
370,2048.0370246901953,95.63150139132277,4.839601984571338,0,0,110
266,2122.7572504918517,53.54545253673576,17.902426507363497,0,0,57
81,2870.1411735369134,91.81240584194019,18.321977082264983,1,0,123
96,1617.4528620479969,96.94215301419469,12.54971323359754,0,1,189
431,1229.1726753745613,85.47995841529523,15.557351589928315,0,0,97
271,2863.425698150538,34.42706350956896,15.058693777937755,0,0,38
223,1944.2251933252874,23.64048686117805,13.574610361793033,0,0,23
162,929.5435510158391,57.07140617327275,16.718262142566843,1,0,91
219,423.0695239405349,48.0364012861179,14.0227258377661,1,0,72
410,2535.5357793222847,88.38704250830963,11.146043809202487,0,1,167
70,1118.435728242747,14.503008751379603,5.5021708891749785,0,0,17
277,1998.385678025072,29.485305824594267,15.13387473825376,1,0,49
271,1438.9084371293995,76.42089972927731,9.995319488927215,0,0,75
227,636.8428503953631,14.023731272844651,6.601041996142677,0,0,16
292,1824.975495430372,35.47261933206152,16.23697923909373,0,0,30
145,229.01505340451283,41.7797624351284,14.237558406707539,1,0,56
476,1269.360256620017,64.14641067345555,18.8094516993693,1,0,97
389,1662.5140720078296,20.022601343339637,4.143391160358677,0,0,21
371,1336.3385736498083,86.75742658322241,13.33459640809337,1,0,118
458,2258.5829169904227,47.51651236929605,5.6405498936753435,0,0,47
450,2492.3786159086717,92.11706262865286,18.168076720731193,0,1,151
102,2325.167068397875,49.447641795223504,2.890488870875698,1,0,76
118,164.4981960448162,31.12882459936967,13.467074322452667,0,0,36
250,622.6798728156181,18.473738725329113,16.03062870903257,0,0,20
364,1632.9921523281341,5.355783997572058,7.743438966929436,0,0,5
433,2807.7250193092136,55.55496107355938,19.128623508292375,0,0,67
151,2513.122486403745,15.179886208057725,17.163883007134707,0,0,16
300,2535.476799637815,42.21413754496193,6.597747694013164,0,0,48
441,944.4641715910409,60.98081731752323,1.1432807616039748,1,0,96
246,1316.8712963821727,31.190160205756527,6.6364863462431565,1,0,53
349,1438.5825445820153,21.64630777478095,6.344898938944108,0,0,24
321,514.2461708822357,78.59855414788746,17.90932754251727,0,0,79
186,141.65098422114613,94.94516136675395,19.375302386840204,0,0,90
150,2843.3635534085247,14.54183969688677,2.3383597334349466,0,0,16
198,760.1021277073448,19.781080816575745,9.954601742133018,0,0,20
495,757.8492659847124,96.20120243900827,11.418307972066119,0,0,101
58,295.9682086178407,8.589501072163397,2.7653215652643626,0,0,8
311,2789.0978682341465,97.87507197229486,8.172456473612929,0,0,95
378,1760.2244890723273,5.441225893073933,7.0245659304660615,0,0,6
199,2017.758728519794,87.99852228687648,11.185070732214658,0,0,100
145,2739.151817426005,34.1958921938362,13.562627094906823,0,0,38
52,1069.579498257329,94.16594152684317,14.366217099434765,0,0,80
413,1883.446567857348,35.10980242038062,3.598345448654363,0,0,32
389,164.45839145021802,67.15910054573533,16.446006336947807,0,0,54
362,600.9789582818315,12.603094127763981,13.89229856602442,0,0,10
99,2502.17512501533,28.021332088105204,17.892423418187672,0,1,47
304,2311.9666511980904,78.49953791552882,9.537385129273247,0,0,88
350,1084.3959397985834,55.22515609948787,17.98390549172164,0,0,64
254,1161.5913519339267,93.15706086976925,17.44970832476543,0,0,89
442,1623.9855789830594,45.73138379242866,9.329777314826122,0,1,83
201,50.71096382114692,87.6321747523227,8.241722990566593,1,0,139
327,761.6707913121822,47.650766560432565,18.723428284434878,0,1,94
115,664.2838353942326,98.0285864766886,14.588129956230315,0,0,114
372,788.9246929118023,96.1842662328933,18.636661582323438,1,0,127
319,2427.422235473652,36.26798702782763,16.142520799020446,0,0,33
391,875.0378768120073,89.1627486895963,12.576651346536872,0,0,73
242,614.987900047937,85.52308055048668,3.2012027630715254,0,0,90
274,1537.577209339443,25.014637746118467,6.538132779002871,0,1,47
353,2603.6528572995594,64.30758807441063,19.408005734869437,0,0,59
46,761.9816263206246,11.90481998103241,7.069019875569885,0,0,14
314,281.6819162387561,84.48751845542886,2.771842525922045,0,1,150
50,1101.393970756511,21.58185893283217,14.443513762467076,1,0,37
26,2255.5728824666844,11.727396631647629,14.946080836330001,0,0,9
353,1674.537106849644,43.020814076187065,6.423696685455865,0,0,36
286,2459.540440244325,59.80760316696613,6.655767607579771,0,0,55
316,2880.79683544724,86.21711106317825,9.908966724666893,0,0,70
68,2388.3543064172704,97.55303992456497,1.4139900454828553,1,0,157
432,1831.2190825890725,46.75178869413705,15.997137196862107,0,0,38
192,1505.3576847545223,10.74245768360067,7.024686958208386,0,1,20
50,168.20380472738668,76.16598000745772,17.221498938037573,0,0,63
48,2953.7498375014216,58.691459341274054,16.24997801040064,0,0,53
406,1181.2693115963755,47.549677760224,13.566638629256879,0,1,92
201,499.07323105475706,34.380543485258016,7.172622474886485,1,0,58
276,2016.7911234195474,52.727860145135885,10.81001467156223,0,0,51
156,888.650452831605,37.17456242341794,9.45175589436122,0,0,44
404,1778.0458992465906,76.91612743599923,7.43875583872481,0,0,81
342,1780.965328141544,56.669901166800905,17.114589496760384,1,0,83
136,1364.902971663464,88.30053854464063,10.18663441697564,1,0,143
55,2516.549915857876,56.636671891697,16.821738858145785,0,0,52
54,831.652831588557,27.63492926729335,2.9991510086946613,0,0,25
10,1373.4661452723158,85.85372881205373,3.679470983406379,0,0,91
177,1636.1917793433659,57.93580926835417,19.56908579714656,0,0,55
117,2007.6929262635338,24.649898623638318,12.167600789515703,0,1,41
28,2362.716958991489,64.2332419458411,10.68562379648193,0,0,53
341,1214.6814844908554,38.98309266953062,10.939965199738122,0,0,43
81,1955.8384850849582,85.21853316774624,5.090106706624336,0,0,91
465,494.3023115521314,48.063475171421565,14.655375040537487,0,0,46
454,2801.3118966003117,74.01192902020459,2.610831850865333,0,0,86
118,1180.0234789419605,14.075939725442531,11.893150548957442,0,0,14
277,2202.088194830493,42.62231289872289,11.844607135132126,0,0,46
454,110.00619155242406,98.40793646487788,18.36958005853671,0,0,115
249,655.3020715691806,81.80372750032909,10.997473391992347,1,0,134
426,1486.893505754555,20.19437622485822,3.604191223509411,0,1,36
310,2640.8447798104226,31.387584700339232,11.882311925715088,1,0,49
99,1605.4026923544975,36.3325018413543,2.735225242941315,0,0,35
112,2793.117922766943,66.78472824706733,4.872082870698511,0,0,71
485,1477.2008449192492,76.91450215151728,1.5910630995609065,1,0,108
259,1496.8248353710524,76.20502783675143,10.752578066730468,0,0,74
462,403.2530260765691,53.43803534910827,2.606119690577875,0,0,47
17,2417.8359202490483,82.02795109462437,9.918493192095251,0,0,67
162,778.5479667778344,46.52241786196013,18.725955671158736,1,0,71
356,2703.8568436483297,16.76865370307838,14.675466847367309,0,0,19
183,2736.9314499746683,58.621974957112265,2.470821810280568,0,0,47
352,2832.7648300287415,95.46863153710514,5.25998643196802,0,0,84
167,1584.6799428541156,80.33439688228857,13.79958597797525,0,0,79
440,2047.426665111751,59.97656153076303,17.99933535945949,0,0,64
224,2346.621846181907,66.4465377331642,1.6254531485151213,0,0,58
186,436.4931250188735,93.4033925683794,16.436571502691287,0,0,77
184,1822.8237252426168,45.692565471321245,11.674463726427865,0,0,46
349,151.17880884476943,36.482443199550545,11.375735180631459,0,0,41
347,1517.8199459967414,97.83794867504265,19.1984504723138,1,0,129
155,506.78591077967087,87.02709768348167,15.205247639338689,1,0,125
459,589.6226315881498,35.68914053876723,17.152258493066128,0,0,38
333,1126.8903217431746,49.059156749287666,7.725915821348668,0,0,42
487,1325.689641813684,44.43242225574091,11.532916775739787,1,0,62
170,1888.3586523699523,19.16408947378622,12.692707871127645,0,0,19
136,269.5638343936212,95.99283576225962,7.110094866886836,0,0,113
429,1535.8906956504616,43.40968096587709,11.83471437400059,1,0,61
91,588.7441342466483,88.15626285060125,5.496452210114563,0,0,88
494,1743.2267663436385,22.98884162966318,3.724137750296552,0,0,22
156,1930.3436061704913,57.04772701053588,8.10543492626932,0,0,66
248,1692.292306830919,7.276331586805632,15.046502946182303,1,0,10
421,2227.9717559110077,77.6009459650193,18.407555813403864,0,0,80
433,1040.047270510659,60.18682033339645,9.696566978466418,1,1,147
93,2307.064445317736,64.4310104296265,13.213650077233202,0,0,77
122,1326.6628910391714,9.913483842692077,2.957705488526909,0,0,11
234,1478.3442700516605,25.048641369818462,18.184811412494245,0,0,24
341,1961.9012754201606,12.061432873590114,11.803480057828754,0,0,12
387,104.15723279771069,32.44686000136212,15.826426704877983,0,0,31
252,1979.2829531897326,64.60670572980435,16.09438281750648,0,0,67
152,1874.8261897627403,58.787668510150645,5.873130000994013,1,0,94
50,964.0489944221757,63.15423305327207,11.05431461045514,0,0,71
432,303.09314045349396,57.178870780899956,19.24911527965857,0,1,101
267,318.25957724347137,30.93773558920664,2.7030563515957278,0,0,34
456,2773.510053606424,28.228212247720396,13.977948062561705,0,0,33
294,2083.3739976162196,18.02066993597522,19.283017482668267,0,0,21
114,424.95271062368414,85.66173311583175,6.710965053026421,0,0,93
211,1102.3333494612737,63.56553906141823,17.367510506682613,1,0,99
459,1797.8248320097096,22.71854618788568,18.73949336275716,0,0,23
316,2514.9365300174136,21.834891083017755,15.194637978501676,0,0,19
340,178.79973970337517,87.93838214498298,5.395237933832207,0,0,75
470,748.0677378365261,75.55943205751534,7.346013657705283,0,0,75
275,2674.759521371371,67.64291259101029,1.680376593936884,0,0,58
407,77.03837304225863,43.65209021623348,16.797611450661748,0,0,45
219,644.1273532419679,29.887678606459165,17.14261254371052,1,0,47
60,2879.1213191202496,98.04782249571825,13.021495889357661,0,0,99
127,1859.535447240405,80.73775962716601,7.698029174013175,0,0,66
210,821.930531580644,33.669026197946266,2.45940952515849,0,0,28
386,247.62372846775042,85.51865564645699,15.308094588383279,0,0,72
48,133.16445431930538,77.09853511839474,14.803997678588535,0,0,66
37,771.9979849289355,33.22265223840985,18.33944791303912,0,0,40
268,2650.383167787286,45.52252115295577,14.880108399101882,0,0,43
93,1276.9452801776529,22.665577312147533,16.745203902636035,0,0,21
463,2174.9834390396795,15.549982215920387,15.17313774017599,0,1,25
164,2758.9408543708755,73.6623931197712,12.983056577934011,1,1,173
126,1253.719361728309,30.41362644861733,9.112361489629176,0,1,57
11,614.2682445603214,82.90563974589409,18.140228864203277,1,0,114
102,1575.4978960279125,99.58282759387048,13.368402866241926,1,1,246
175,2728.8468768265707,12.278882323316623,8.568751117352273,1,0,20
396,2422.9045217062167,49.938336882951525,2.5859166084571874,1,0,70
409,244.19803792130367,81.19594313452629,6.52339226218326,0,1,146
359,2093.0897602288665,79.95033517141718,11.33080796177313,1,1,183
305,1737.0976912539136,77.19973004144201,6.237072030307696,1,0,111
267,2727.016370221955,38.15451885368154,5.20347161044014,1,0,62
90,411.3201797083768,48.11605929007997,11.020476767669097,0,0,41
434,1625.406533953737,61.521993947439675,4.226586572018957,1,0,90
277,2644.4149458600823,97.52435543945943,16.207791203176967,0,0,95
428,1259.5701708881418,36.116990739156826,10.202994875510502,0,0,36
244,1471.885007311958,92.69866933310149,11.903392705290353,0,0,106
330,257.858999117527,30.58890722714694,3.8002820843496226,0,0,27
320,870.5237393242869,98.96207422000194,7.16695037695798,1,0,133
310,1007.2946150483947,68.67505024862122,8.791703981961906,0,1,127
472,2838.1112237974166,49.03359063406234,16.356043779813554,0,0,43
483,883.8687135964192,63.272090666042466,15.633030938636898,1,0,84
366,1409.5627690454735,30.890461058819646,5.236572020965946,0,0,30
222,2030.3480495146252,31.046516463589327,12.707402550533146,0,0,28
71,528.4409486032383,15.787681665131915,5.625670797667954,0,0,15
58,1485.0050420685297,15.834778282012882,19.77669595811466,0,0,14
136,2228.6901664539273,38.02881543954658,19.09035368448654,0,1,62
232,2607.222878429845,77.4712704001553,11.70202968989179,0,0,79
418,1897.4648602541588,62.757260921825434,14.279148865988716,0,0,51
288,2023.7078701849964,14.745533231446977,16.227177261964258,0,0,17
417,422.5362441244784,85.96246987271154,14.698969980853175,1,0,123
303,2840.040666876724,62.12992456405631,14.296745130565997,0,0,67
293,441.09352857922295,96.28127979455408,19.212526151041033,0,0,108
286,2335.285164686305,68.66761940406471,12.332666019838383,0,0,63
447,831.2081492460405,21.641612051897194,13.089750764562057,1,0,35
116,2804.0997739186923,50.009419419243116,17.13610625832544,1,0,82
155,2173.8806411399646,66.6072717669844,13.727926489309729,0,0,60
429,2273.7504532861885,7.685146599747881,14.925719818332928,0,1,15
108,696.2245605266558,6.41647509470675,5.449205037736206,0,0,5
438,1356.9679310737245,17.29328505686395,8.054071558186347,0,0,15
384,1872.548924038395,28.908121329319723,3.7987255685259673,0,0,32
82,2321.4221737094726,45.807166734464175,10.609543404361304,0,0,40
446,356.6801589415492,51.306845007179895,9.65882061292468,0,0,55
495,2888.977683540859,18.112622849100195,19.94609347130968,1,0,30
131,2676.15097813594,68.97220001600392,12.612964403495308,0,0,82
39,847.5283419619739,61.63311586117081,15.942451640694044,1,0,92
197,2477.142716945379,32.97408938991022,7.3462787443954305,0,0,39
373,1579.055572967479,6.297688926352741,16.799361295513133,0,0,6
363,1412.329120607955,12.37655195856262,12.686614363265985,0,0,11
297,977.5806121436459,42.211003673529746,14.24285430037033,0,1,76
460,1763.8573305631978,19.627563360739973,6.594184781039633,0,0,21
204,2203.1728972256133,40.79786258405723,11.424129442215966,0,0,40
165,1262.2520696401368,64.67734742848373,13.046702494858565,0,0,66
181,1906.1966193744618,56.98755564853194,12.19279884051504,0,0,55
344,2112.973117408146,26.961708898052454,18.388680517066764,0,0,27
50,2147.809360195093,37.663136669581476,18.067180625358517,0,0,44
72,203.29998948698173,63.33296385262181,19.448697099660542,1,1,146
32,2586.2560267709473,86.78122766412763,13.681132114132797,0,0,78
369,1401.8472785568915,76.55527668019334,19.46636847238801,0,0,84
84,824.1274410038326,57.57300254917442,16.81708200060627,0,0,54
57,763.2052970650607,39.41783484006619,6.1458106664592265,0,0,44
169,1474.891632889654,39.67987136647152,9.121277721474645,0,0,33
322,2666.1530414334297,88.54464447511762,5.529456401591186,0,0,83
127,1166.1253659638085,8.728139723851909,1.0797460557807388,0,0,7
109,2261.6909530114526,98.85835121992478,4.572926309791264,0,1,162
389,335.61525641229485,68.11566403089842,1.0771511394506377,0,0,72
426,1454.3672713456322,69.7080814118771,14.67693076565931,0,0,67
417,2975.47411415857,8.609794543950505,9.085151656702791,0,1,17
176,2322.791518237394,62.525281114670854,6.938919814479307,0,0,63
299,671.0590408998083,51.05391570859246,15.47269693080857,1,0,72
449,1529.2523474088366,15.048996154936365,16.817248717773253,0,0,16
165,739.1930527632713,31.402591023089112,19.53069123434772,1,1,74
430,1258.2047354244023,89.57987334029687,13.198258108829583,0,0,100
16,2351.247870018146,57.24889950726553,9.769050212260982,0,0,61
205,2325.1132051066907,44.274574641521326,6.800021730541282,0,0,38
430,722.8961148120361,11.90480480487704,5.224045975070299,1,0,19
65,2770.5587885568375,72.84154510321903,5.045593059169423,0,0,70
330,1798.0761391562392,71.7708282226231,8.774598119676178,0,0,71
202,1170.7766583379428,63.33414266239354,19.843940750470665,0,1,125
56,1530.7099633035389,53.47495139096168,1.0162202513106622,1,0,77
157,1834.960197641344,46.209518209700406,4.746912047389015,0,0,48
284,1701.677068945067,61.36075383385927,4.579466665667903,0,0,58
166,1484.8948548317258,27.172567914198638,14.625270225113555,0,0,23
211,1539.5517720637304,94.41961109687654,7.697209824363174,0,1,168
453,570.4151357622642,60.93548027212181,9.687955287244591,0,0,63
411,2447.562067698804,34.56328221366577,3.8238584789281944,0,0,33
485,1648.1929438259954,47.71958583408994,8.694943738662007,0,0,46
428,436.6855920288741,81.54005494330477,2.960796426210885,0,0,92
436,2310.163449669195,20.35352576937826,11.12782246988308,0,0,17
488,2800.709736213185,32.81938413372474,2.8608289422742628,0,0,30
484,2844.5553527490383,69.55326215997276,16.01965924228997,0,0,78
135,1138.6023106129596,34.971474615811275,11.7654326332693,0,0,41
404,449.7747770042244,80.28765977683926,14.755389601696821,0,0,77
314,1579.2788985675422,17.393081281849277,8.951811346400994,0,0,20
378,382.197226580201,77.45518619318781,8.248334571602319,1,0,107
303,2805.2628846122207,11.493412910803793,2.8659688919284085,0,0,10
73,591.5599006976806,6.196298203412004,10.95325653381363,0,0,7
334,795.659286855934,90.3312342890554,10.775541132284747,0,1,177
401,1249.5777543106628,60.22722560856837,9.893938844542502,0,0,54
427,1180.335182249421,38.42355522324709,15.069848928966536,0,0,32
185,2394.2555325737726,27.09649051156579,16.817583600614736,0,0,23
125,1396.1346206253388,63.604149409777534,15.265003824021655,0,0,58
449,553.7663670098439,53.35520743599013,3.7334491133300327,0,0,59
213,838.2691916839186,99.2017886753486,12.819130676360054,0,0,100
495,1551.88448630319,98.40551873210585,2.526139008101134,0,0,97
330,484.98905640709796,65.32733378345291,14.197823461369053,1,0,100
40,1854.3842431557416,47.0726980800596,8.254942834661406,1,0,78
397,1718.9545543258805,51.658392067792896,3.5174801690594455,0,0,43
122,2158.37183332766,69.83551129250189,17.37896628254643,0,0,75
374,2816.228615369135,14.64958170236123,12.66615844173981,0,0,17
443,2741.150955248409,36.193447012018225,7.739774391003023,1,1,79
334,2840.9230733030527,12.150862895342367,1.5838164133594912,0,0,14
423,771.9110112199178,11.969272154107358,11.2088949210686,0,0,13
385,438.11765458609614,23.604727979952205,18.54129169123842,0,0,19
353,941.7162664645231,51.099059186356556,12.331216821344949,0,0,46
452,2690.501259660628,79.55356051046499,19.46136148777037,0,0,83
76,2917.5577501392904,51.12210966075789,3.592571247138712,0,0,51
84,2585.0086056579044,36.87027800328262,11.7977969873019,1,0,56
54,374.5522773262536,12.823534081992022,16.16437591212216,0,0,11
269,2844.91259427639,57.27807470239731,10.985273891388609,0,0,61
163,1298.9061806848185,30.77051571590179,2.7302607637619793,0,1,53
164,77.46535774894335,63.41874690212901,12.074834029397136,0,0,61
439,1355.0615352071711,97.83283521757974,12.623020211006962,0,0,93
372,185.9040505426294,15.574860540367265,14.845475721031699,0,0,17
457,1654.4398674252968,25.15191287858429,15.463018788144005,1,0,34
484,1048.7343809393014,49.9439811194406,15.644681076001536,0,0,44
243,1446.6330541024438,97.0183124578633,13.605443479140355,0,0,85
60,1858.8525641921954,78.32192874564959,5.100412541954505,1,1,168
315,2612.9632326625697,90.33177335046886,8.680479360950107,1,0,125
271,2002.6096505921894,36.70291060520033,15.746469479673575,0,0,38
324,1330.4441620106331,99.24365500896648,19.11511268461545,0,0,108
134,2467.312168327577,14.769117526094952,2.499992331895818,1,0,23
408,2721.46730584074,10.032426074379579,11.175196878146702,0,0,10
254,403.2919009749818,86.28224957013268,6.937923155161823,1,0,114
39,1619.202283780735,93.0901626696637,5.282483992019766,0,1,185
435,889.3102812402102,13.605608966879666,10.610402986874586,0,0,12
494,188.83053373699485,15.775605540854942,12.515697470574198,0,0,17
131,2022.2127505862568,8.151544986798513,1.1856723969701437,0,1,16
134,2595.1737935047154,14.92821845105879,15.823924871822628,1,0,24
46,530.5628307083125,24.894882596026683,16.577760493929503,1,0,35
179,2446.6202899905065,97.15727879645009,19.344705666790727,0,0,90
133,2567.517413933978,68.44672111276964,4.4322309312692045,1,0,90
366,2747.3043058661265,78.9625374242615,12.296498684858012,0,0,83
44,832.5910128038546,78.73324335069461,9.105882096051495,0,0,82
96,2716.6615423101734,55.83200622902539,7.361729179551663,0,0,61
143,995.9551264724752,80.76145288273663,11.74703557731259,0,0,65
205,1679.3971396937334,61.601715577047116,15.865278771247455,0,1,119
283,198.99703895523228,34.88187927231897,1.4380028854589921,0,0,38
210,179.44921068779362,58.30546033299807,19.41860213875755,0,0,50
378,2175.1009775599987,55.683315682778776,16.387750128408506,0,0,52
294,1361.2159350344837,83.22804010713546,15.27192036926599,0,0,88
86,806.0625073391918,98.2640856512576,15.447360261429566,1,0,147
68,611.7198132734851,44.0490437149884,8.392153482754399,0,0,37
440,2026.3627980346932,77.52211445192917,15.28079046605146,0,0,65
135,51.18455487475263,14.477485383622687,8.348633963456194,0,0,16
410,2427.37894913072,78.79898009758742,18.075429761921068,0,0,68
118,283.78633808329005,40.28460663935705,4.367225282822924,0,0,35
233,614.8943639789524,8.742065474520233,6.554601060087878,0,0,10
287,1189.3973661323143,39.508386963406835,11.475413311282445,1,0,61
77,1480.3332821625056,63.01106133755626,7.065009681858178,0,0,66
78,1097.2355916511283,16.328765929739326,9.060507660610195,0,0,16
174,996.100886703667,92.78327678087419,10.356031098573299,1,0,142
498,2893.552235615906,12.378879260919664,17.270713627456665,0,0,13
314,1942.660059668013,93.35063838415078,10.940652818565164,0,1,185
406,119.12721833379521,72.17806420389022,7.8867371236766495,1,0,100
171,1319.018929910724,36.32265666434934,5.7069871166672,1,0,50
374,2631.275664244712,42.121283032363856,8.764843597051748,0,0,35
351,939.2957499114705,75.37688964961069,10.798985983873028,0,0,80
318,328.94121708444527,62.1397545837147,15.17618228686149,1,0,94
388,2287.2350761902576,68.8060775382198,3.2999267472744345,0,1,113
352,1837.7408042114398,41.9706385687806,5.210574576543866,0,0,40
444,1732.4218980881865,51.3422807717219,8.213426301504791,0,0,45
396,208.0508508418534,99.03741098359987,7.847569697270777,0,0,92
51,464.4720788967761,25.32267269747318,8.443213664499023,1,0,43
363,1886.5207188286856,44.69633771960248,16.07690402816617,0,0,48
425,663.0803323035657,32.72320281952689,7.158933656281289,1,0,43
118,1537.0067352578517,77.68559349178574,10.536065427650628,1,1,171
60,1657.4009737867107,77.58119943824347,12.854233624300033,1,0,101
259,886.3462112992712,32.78231879475261,5.411392453488498,0,0,36
350,2847.854208847404,12.732080080133375,14.655212355803238,1,0,19
439,2535.269115164947,6.086104283859385,11.395115075027338,0,0,7
392,2181.001847516756,45.60780065803612,9.488842097596184,0,0,50
30,280.0819059077568,43.98207146189824,16.38589650802796,1,0,66
309,363.08355696160737,98.89703847078698,5.626409924518458,0,1,190
148,1503.7049703016194,49.63119719127956,17.78034344167214,0,0,54
368,524.1043801134077,29.35974510966496,11.659925971967372,0,0,26
333,2935.8831174119487,89.6667968979894,12.574322708213506,0,0,91
394,517.6346903808578,51.65145521708995,17.626120319209914,0,0,53
101,1488.0301146187232,61.921685345004896,16.534071069137383,0,0,61
456,1124.157117682441,14.088527490680205,12.429679307616107,0,0,12
289,1936.1899432895889,41.37705869632853,15.310566373115309,1,0,57
134,430.6574062238035,94.70124907500974,9.23307031442504,0,0,86
492,1319.4334627250532,61.003011496665415,11.40017731649518,0,0,49
406,860.3798467810738,37.72767623853386,2.1793325974617117,0,1,74
120,2668.8669977814798,64.43838216000134,2.7073004420008897,0,0,69
363,169.7278507973505,91.48905350992104,16.75908267954031,0,1,172
148,2745.4961073190548,31.029107044896055,2.1337614579674367,0,1,57
493,2507.3327087313514,52.98608825471407,4.218583387019539,1,1,126
444,927.8336135004056,96.07561212161676,16.120820520058388,0,1,191
282,2378.407431297459,21.377633613353,1.0217730619368695,1,0,31
108,142.0800029993053,73.36807293168759,6.365682248071422,0,0,80
261,2902.253373365511,63.375695779283326,12.096734498705814,0,0,60
347,1603.4550806398786,69.5691374583603,12.313548697916636,0,0,79
113,944.6790268930636,38.36586491341912,15.765905256359998,0,0,44
223,1119.6204771542973,34.818540480957665,10.612598835351239,0,0,40
258,245.8957927084672,69.9999187058952,10.678635521088436,1,0,91
161,2968.5810664240157,25.47661208493181,14.780900935273309,0,0,23
259,165.91123819454273,44.86720076160549,10.473864802059387,0,1,74
284,1981.976013286184,22.87659137502721,12.56133064470872,0,0,22
174,1356.070986734052,5.788959906716325,18.05770729684597,0,0,6
496,2849.3028436567097,97.1554492036166,8.627569144635068,0,0,88
350,775.6992339050457,46.01178297235981,8.317376347465222,0,0,50
17,1619.6561306171334,97.0882133698834,1.067430845430655,1,0,137
293,1472.9508153191211,18.33073437794348,12.655098968903406,0,0,21
14,2123.456009947799,60.799844048461175,1.5656662407355078,0,0,53
154,250.6301842596405,24.09253311516776,10.578821304838009,0,0,23
110,621.6779335688968,80.0570420615111,16.280441991612307,0,0,84
173,682.966219273907,79.45178393229264,11.448500339873599,0,0,83
383,2227.5447267829845,15.697679158734621,6.123087139116844,0,0,13
156,607.9591541638832,91.64612302325698,15.937200007538054,0,0,104
73,1741.8007034783811,23.48981648430634,6.124623077568238,1,1,55
100,684.9692704778134,63.23284745098923,14.927603837972075,1,0,104
126,2591.7936027477363,98.63519390833189,12.594910648614395,0,0,113
363,2829.447090744434,88.82767080280456,4.229929638212023,0,1,162
276,1579.5542760796093,95.87357321331106,18.19754362203953,0,1,188
319,1089.311208417076,37.54688326572135,4.812229976186718,1,0,62
182,740.4704363016225,15.02968601084902,19.802154408672727,1,0,25
56,196.8539544929791,22.89295296249776,1.1388992844438746,1,0,38
149,842.0752247826114,52.54701503227831,6.006184165715158,0,0,59
255,1979.995550838688,80.3568194359656,4.797345648209778,1,0,120
158,1624.169947362172,19.264596197468144,1.26587479323879,1,0,27
255,2834.921770928736,67.67449556477192,14.914990102798996,0,0,79
404,1219.0179243505168,35.73987238375363,14.175090239892329,0,0,39
496,2096.896859868764,37.41419687725458,16.05466832274368,0,0,34
485,1493.5021050516082,67.882184365003,5.87727238282674,0,1,118
14,1562.0998369764243,49.36494485565592,9.442368174576428,0,0,53
474,839.9342280821465,82.14316283746942,13.523156910809401,0,0,81
193,1392.104791683899,19.81225841796857,9.35560157387473,0,0,16
29,1438.8157411874865,80.04508562786866,14.2491896360404,0,0,69
434,2134.595439159355,11.102348565454982,13.0454947603684,0,0,12
55,2824.8879975990358,23.435118623332475,3.178308257421353,0,0,22
21,1021.4977685733876,67.33422287780071,15.839819300462393,0,0,68
79,174.49138231483042,86.21793736855176,14.692850822757848,1,0,139
26,1514.070620226887,29.00456463523816,13.460853364730701,1,0,46
380,1656.1609298400474,36.08320255374673,3.9467785191490443,1,0,49
156,546.89962583915,56.026471087240296,6.09193252711191,0,0,47
163,2293.370588514397,25.099416616483722,8.470363600164408,0,0,26
313,2955.5408699024,82.05984485081304,6.318662811472425,0,0,90
117,2840.03541517496,78.49548127554728,5.328395522846497,0,0,67
245,631.4628145297739,18.802712636749256,16.30179573307374,1,0,27
317,2632.321557707244,49.06382452258005,13.126412680843845,0,0,56
361,2128.25622741447,78.60863783218903,11.743970499454756,0,0,93
79,1388.8473632303892,37.046305454824406,5.293101506211824,0,0,36
192,1644.8024332579507,65.14514815818451,18.443454683104186,1,0,87
259,2556.3205161982514,9.77024653846941,4.632477742849009,0,0,9
237,1466.3980719332008,62.82543225028521,16.104067723668866,0,1,106
111,1150.9617388601243,19.502033100057666,19.36678066740057,0,0,17
84,1505.0801044266582,83.90541588587287,14.814761855260485,0,0,84
426,1758.4329219033948,38.76769904014545,19.864316728507966,0,1,71
455,607.779078646129,31.747616959178593,13.369971222580988,1,0,43
225,2707.6778042876226,84.88445278759107,5.131746528474005,0,0,98
416,2038.851499047361,9.76368219182197,4.872570380613714,0,0,10
408,1918.1433061455923,42.677835936762754,7.16672140085405,1,0,66
420,343.5138672328825,40.15033635462798,1.1354703841991152,0,0,48
212,1832.3131176091458,32.05603555370733,13.952270931573857,1,0,50
201,406.8339536035524,91.61666154014031,6.104687907928724,1,0,153
258,282.1581418264272,76.33819738408862,16.488481413562305,1,0,108
251,1605.5671421450602,11.072700598234183,7.824280360626705,0,0,10
474,1238.21732543716,72.89530769632064,10.11917337580294,0,0,73
188,1786.9902969608586,55.09341764723543,19.348089414647017,1,0,83
446,313.20539576885386,90.58244996815003,5.6012703378982645,1,0,126
471,1321.4000353994122,34.72983364809406,14.703827851165052,0,0,38
228,565.620809383216,59.54538996291038,15.347237996802926,0,0,48
91,2961.945253476144,52.57175110039367,5.198964992949068,0,0,57
101,1705.3931266837644,51.508286091622544,10.518939895631718,1,0,76
444,2077.9387397755586,48.3300129541352,7.653836580946399,0,1,91
184,1009.983928013693,24.534800175566723,15.666218624601694,0,0,24
248,329.47979859906525,76.79244263677731,12.827183061551711,0,0,91
269,2928.819045211433,47.876923110232426,10.043678042350393,0,0,45
400,894.4641543803905,96.05904612524755,15.807902035906647,1,0,163
374,1300.2341462620439,29.776800583313747,5.467955830159924,0,0,25
172,1967.0985690225962,69.86066476456891,15.318815731102823,0,0,75
57,122.85702817402829,94.3681225657153,17.442111929763662,0,0,93
338,2440.2644350259966,68.0285406865288,17.693810339343877,0,0,77
337,1632.9056605844298,87.7709262236525,15.889798267372473,0,1,168
125,870.7407018530254,83.61069117691558,8.752269172967107,0,0,94
438,231.7435566127843,39.211182971455365,19.654352431638713,0,0,33
346,529.3703256496023,62.01177429425217,8.212279232626358,1,0,101
346,2690.3498836176386,19.844827282078782,13.133882582946088,0,1,33
378,2073.7714606108784,55.87495885608195,4.060409383319905,1,0,73
234,787.210078828825,26.890087322362035,19.62852907409146,0,0,24
361,243.52225658783712,75.65499742048233,14.375732515428602,0,1,136
337,2087.3151715405775,55.16555007975184,15.314173359680998,0,0,61
156,1738.6027916049072,44.06659945000774,2.2497573648117477,0,0,39
72,1243.3325971517934,30.535724135862868,15.504938470192764,0,0,26
303,1122.6537751106882,99.87635577492225,15.719745155191426,0,0,106
332,689.6021139908695,11.812499484068605,13.763681800882367,0,1,24
452,2025.353206785677,9.138264654379903,6.546282662016529,0,0,10
334,2913.470681991918,25.639453046917133,10.30411080105675,0,0,28
22,568.3599752186362,97.25188356964287,3.098253054865613,0,0,100
440,1811.494029045735,98.02762599039852,9.960154262723899,0,0,109
198,1301.3459144506298,67.21813480335291,5.632653199407692,0,0,80
296,1367.7317291467614,88.61013338460845,7.632842743387559,0,0,90
217,799.7344763770525,25.32636442987556,4.089407759670273,1,0,37
123,2484.1478832011862,97.34399894677924,5.371032987191043,0,0,111
489,1481.5040322343614,18.56456076325864,2.4548041945822088,1,0,31
31,1653.047263984879,14.606892877257536,18.478125962301505,0,0,12
358,949.044692752111,15.660096228490925,11.077803071532664,1,0,24
223,586.3349737175017,59.44715271089365,8.538097453992055,0,0,66
180,303.43564519832046,79.19256806821497,11.165555042606893,0,0,80
332,2156.651465728502,39.833381898090146,12.9375713411495,0,1,70
63,628.891130979174,97.90011883968202,18.515697074017634,0,0,104
403,2085.7222948569533,46.2699131212413,4.395166093439953,1,0,65
307,1201.610515838514,19.292612323455547,6.615497474069135,0,0,18
329,1276.5356629194719,49.26684107768299,19.53999739053818,0,0,59
135,1434.0736134736765,69.50853071513178,8.052666746321965,0,0,73
286,1134.7400989762525,84.06144914791598,1.428671364389225,0,0,97
473,346.82893280664075,48.58298754587633,3.8052263601060172,0,0,55
213,963.4138395083951,61.392648474670914,1.5004353332224882,0,0,65
203,2008.0163640471183,30.39774765509107,19.80853970599384,0,0,35
178,2014.0639843331694,66.36207000852383,6.2985461308332376,0,0,61
161,894.3617063579834,98.66733467528265,18.547312381788295,0,0,104
44,1407.3027483451795,9.660089395840416,19.9218392394346,0,0,10
193,620.6693226352155,89.22041371699093,12.39698320171917,0,0,94
295,670.5976405130156,58.41683776291467,1.6307299862456732,0,0,51
66,117.98891079949185,28.949372658418493,2.550240977351612,0,0,26
231,2695.4023222278465,95.7145224508795,10.150192047049677,1,0,135
312,671.5846619709733,50.9186587905954,8.717268245318234,0,0,53
172,721.2249369625667,36.51057390897164,12.517368809853586,1,0,62
28,874.8242263031389,22.24227468572991,9.338108384515914,0,0,26
379,425.85381150151557,28.2229599743829,18.747460136158203,1,0,39
273,1935.8255053850203,84.12065895118704,11.16005459285671,0,0,78
291,271.6717118738804,63.36895088513075,14.180795167786401,0,0,52
122,445.89715766273326,91.75833385139002,18.033220180207433,0,1,161
497,1952.032343440774,27.037002954989653,3.7905656408309403,0,0,31
336,1051.9988304202561,16.50816451564564,5.364958428252042,1,0,28
39,2138.4460887685077,5.578315442681051,3.039054549006286,0,0,5
144,1694.402996776919,53.24689357351941,3.653129585368333,0,1,91
76,805.2624605314635,99.83915838628887,10.73909537175043,0,0,89
74,1969.9424539435179,71.0217005377707,7.102405920381816,1,0,102
301,393.0073568639979,34.297486236688876,9.040283951008343,0,0,38
34,1632.4106300860897,88.3015653874863,19.667306804087175,0,0,93
46,1339.5869098828523,79.26361526885617,3.977382608123014,0,0,88
10,840.2270693114504,6.464440777271229,11.275429345163436,0,0,7
408,1831.8147433315253,82.60174565139714,2.8785519460193685,1,0,116
46,2620.434097403833,33.55004193765711,7.051429952013693,0,0,30
150,2996.7688643010765,19.218979135442105,11.022992549817374,0,0,15
241,1842.9001677931024,26.501429775022086,18.986003173341416,0,0,29
145,1243.882329271052,49.51508141563821,8.433336204386176,1,0,81
398,714.3609456377948,45.36245307146105,2.233227228078727,0,0,50
197,808.4334637155797,32.44429344055154,8.375067511246023,1,0,43
137,1464.3921855418087,21.360740609668106,3.7690823416055768,0,0,24
210,1133.4692187780922,77.41192501600608,5.3698026525374605,1,0,102
136,2745.7528417435856,99.06042945481713,12.743721840134818,1,0,133
266,1136.4716295843432,78.89020013987059,2.2810534578699517,0,0,77
173,1151.6615438790348,33.114011928796415,9.82975136875071,1,0,49
44,1181.426811680232,28.25685133415267,12.579770134204523,0,0,32
203,2518.0296205845916,25.678258226264134,9.015309454982441,0,0,28
200,1969.8255464983604,17.986032076458446,1.3634006618508767,1,0,24
113,1861.7981084407334,57.37640222076862,19.724867781154444,0,0,51
32,1035.7219160323934,62.51303533556769,7.97519957947017,0,0,57
274,2462.817321655696,72.02275276299804,15.792966551732071,0,0,61
299,163.17339099931834,69.62027023869845,7.187283351561612,0,1,119
439,2618.8516583974338,32.771664571921335,10.025318382874957,1,0,52
471,1562.6122043920923,36.37954551270042,8.380809209608934,0,0,33
393,1224.8381928470678,69.7438808670221,7.508245360682546,1,0,114
269,1516.6434781171727,38.19752587444469,1.4151761669477962,0,0,38
423,2018.8758150748017,25.199203013834737,7.840397819235567,0,0,23
488,87.65800822779721,40.56193460119026,17.900309817591072,0,0,39
367,2621.077976551831,30.847994969907877,14.11747343327999,0,0,33
84,1367.881599668609,13.389708515764891,3.7630343228133567,0,0,13
364,1061.7512331152307,83.86319571628209,12.231945087832045,0,0,67
81,457.82441862046846,86.04558196991844,17.95238633902856,0,0,101
268,1346.4228543574043,25.87627851585355,14.300646778332254,0,0,21
407,1514.1521752889175,11.153358954894166,3.825003454777238,0,0,13
197,1240.7577487557594,75.18860654836206,17.488817437955436,0,0,61
470,2052.047276789346,25.095219457024303,6.729336252488443,0,0,28
182,1291.6447598397167,42.376371496501726,9.627446741934493,1,0,64
489,2886.1818546473914,11.09284896255141,10.99671243409378,0,0,11
299,1817.868677579596,26.495610552051343,17.15962548318571,0,0,22
54,2432.0599101731314,80.3257164413154,18.70054240780556,1,0,112
70,372.5999141729626,81.41766245694417,18.663404678020566,0,0,90
92,1222.0093141904217,24.673058364332487,1.1511294442922722,0,0,29
132,1043.7007192691003,36.9118152851355,18.51588122612369,1,0,56
367,1729.9730450029458,17.752649813905638,2.0333523540298746,0,0,17
25,2590.2848841812056,12.046399877067627,6.049699479531272,0,0,10
75,281.09774239791966,99.2563128725989,10.784769239828826,0,0,106
433,264.0956542318968,67.28142536825973,10.118588091083486,1,0,95
154,2558.437239064917,56.499168373840284,12.489486083860449,1,0,75
384,677.9077538131544,77.72235753850346,10.10947834600311,1,1,184
171,2022.8221006269505,84.80733017033378,18.753137913167993,0,1,152
243,1651.4904904643752,81.63790296424912,5.570428116077153,0,1,131
389,2507.036104917327,6.571247682538278,6.206469186731231,0,0,6
153,419.0122840173904,22.746750328097356,18.494020778168068,0,0,25
367,432.85974888170324,67.21600370119396,2.4580507611598685,1,0,89
197,1692.6141628210073,40.697138041376476,12.581655616191387,0,0,47
331,2841.817027407194,98.33585185080517,13.952983089246604,0,0,91
459,1274.243387193725,68.21345530063414,10.60529274516505,0,0,57
483,1014.4791957513501,95.87214632927461,14.190405697639607,0,0,106
22,1839.7335034337632,24.137415756350414,4.282338274227373,0,0,24
193,2794.8233716078416,87.0759176709272,17.200012422659256,0,0,80
120,2518.93710689164,35.52846905244641,3.660488099927826,0,0,34
424,2986.6766516629987,99.00865678259164,8.615436441999243,0,0,80
299,116.57732044701241,19.980423846948995,2.4298944248559105,1,0,31
304,382.93152690264856,54.052282789641026,11.359010497530603,1,1,121
460,1847.929901931535,80.32023071452659,13.725170341087145,0,0,87
401,2470.7004960348568,46.101035657383406,18.88321106681052,1,0,72
224,891.4708098049613,49.46798571782644,15.047387722024016,0,0,52
471,755.6727097009453,98.7038005730454,11.28095541262887,0,0,110
129,2371.5786081745428,45.40427427860956,18.71972332623634,0,0,48
391,216.32646886703316,62.38684955691104,10.090299922776655,0,0,60
64,1139.678810368626,10.181267764139317,11.662907408878517,0,0,10
36,1542.1372066473728,85.0099576199747,12.325872025731819,0,0,72
127,1703.0285893334542,66.57596465305663,8.78961479184477,0,0,74
230,2199.4147125386917,43.38190977196729,16.93117112075066,0,0,48
240,1096.7948841204418,6.536106295679376,4.518342838056123,0,0,6
62,1857.4188167900911,61.20853795638287,11.542001617060551,0,1,119
304,1776.8574972333213,6.202493705995408,14.722431867556686,0,0,6
330,1665.467496928554,5.114343321356701,18.175547265654966,0,0,5
410,1939.425714769526,63.52936340418869,17.79444953225129,0,0,51
242,815.3750546508251,22.956621396782655,10.666065499172698,0,0,22
167,299.71382307465547,23.229317223219052,13.220067572103492,0,0,25
446,401.8514325172431,67.06079875411065,8.490516986456718,0,0,56
278,712.5180288290081,10.101232854240557,9.895377494723805,1,1,23
30,1525.5839097922164,34.77352834008285,18.21905005888794,0,0,42
412,2529.3061141107596,19.19603070349181,18.683375870657006,0,0,21
62,2118.8153591607334,60.11675513067072,18.012867103273376,0,0,61
284,2377.669782396039,67.86768969910261,3.629046374459126,0,1,123
322,1085.3780905819697,73.50790609190913,17.15159640528209,0,0,60
290,1243.728537863223,29.246965607263714,19.018910889408126,1,0,49
223,1211.3615636723077,13.478726405475479,7.863744196898489,0,0,16
40,616.0258939932795,12.474947409480293,10.854279499011716,1,0,20
346,230.58914152353748,45.48439710281876,15.802809860446922,0,0,38
192,1793.202473840319,94.85521886095793,11.679484613747325,0,0,84
32,2968.189216090729,25.684258253467338,19.87618691241874,1,0,35
41,542.1476296032754,29.390452127447187,9.65855393797974,1,0,44
455,187.72021870285758,14.584436200056599,14.564911512940174,1,0,20
83,2349.618461380602,62.529176019923376,16.059231663734337,1,0,99
19,795.1287197199364,69.58792302498162,10.387907899410349,0,0,71
493,2497.449225791139,66.07846477527221,17.28269230851614,0,0,53
465,2126.6131677518206,86.80737308925421,11.376937232936733,0,0,95
63,2839.7369342998736,51.21045432747682,8.821365139230997,0,0,45
61,1256.3353454821824,17.773418872871122,3.0486498031869935,0,0,20
157,2002.8110263793708,32.4934874169192,8.474857950658059,0,0,31
169,1421.3216033991484,67.93084747502843,14.9447926399324,0,0,64
379,1910.2366570602032,63.24658750544819,18.50444182192204,1,0,83
23,1376.3167727228251,55.445297325581436,5.781908673345896,0,0,66
187,606.4651269510208,69.88161977542528,7.74947482927955,0,0,73
421,1548.2973772099735,65.55213078546345,3.925258887984098,0,0,64
375,1609.323394240455,88.72586449917041,14.123734990350407,0,0,74
62,2441.2813523674754,60.671555860438176,19.24358017018858,0,0,66
417,2219.7860820910646,78.96712907655287,13.178092177115335,1,0,112
344,2008.18529062726,28.627179816814447,12.7244540701183,0,0,34
31,384.491931880089,69.42734553596146,11.516308679508246,1,0,117
39,2175.818057457959,90.7084412463542,2.680659073025194,0,0,99
200,1525.9002112458186,41.64457115048416,14.860572702158288,0,0,49
269,2687.59363151317,79.01489779717143,12.438941327437666,0,0,67
214,2763.619255685101,73.85498361356636,13.568058608269453,0,0,67
68,212.71194227526712,10.654988702823136,18.07741076752101,0,0,10
480,2470.8926030457123,60.24328941428687,15.89525495415934,0,0,50
273,161.20730174687833,17.367988174076224,15.837389790935996,0,0,21
475,1133.1503958003168,96.89532136190616,18.616491608707605,0,0,80
21,1649.7849280821833,82.08371275656233,19.808764077796994,1,0,135
128,486.89735595002594,15.42376111847641,12.044371907260132,0,0,17
424,2251.6257470787764,16.56643977652945,3.068750704592149,0,0,16
471,74.64637730780879,61.4750162166988,9.723468247733292,0,0,50
299,547.3671928804087,37.76447154645241,15.964421782771243,0,0,30
347,1763.3506480677534,8.316056611945381,1.5267811704751346,0,1,14
257,2157.4433080100125,56.455943244140045,2.080861328766832,0,0,56
363,2754.0971529470526,41.845284470155455,2.275997865273605,0,0,41
136,2131.2151232071406,14.602266775315552,14.889679408237905,0,0,15
84,2031.7488472518546,81.18243726431835,10.52216594270027,0,0,90
370,1213.3063817344596,91.93229270148657,8.009060926891278,0,0,87
213,53.78905530406417,76.87642373134236,3.0067238599729835,0,0,66
58,404.4698132700847,83.13011945154635,14.912564753911893,0,1,160
88,1626.9359070303155,25.56660389028115,7.099376400467094,0,0,24
450,2041.6331632410381,30.039430337267095,6.041157331228677,0,0,27
488,1281.4724374945642,24.810116328422836,13.394064829517468,0,0,27
250,2205.503084008751,77.68102597972857,11.621206959339993,0,0,91
358,1589.4937712299272,95.05212249877722,7.885802194452731,0,1,187
163,268.819777003221,73.09953463972074,13.188261945306174,1,0,99
283,616.4479403554491,88.73934266355782,6.153208887298245,0,1,160
105,2527.9947585696314,65.6764140139014,16.10177497048221,1,0,88
223,2188.4926025420964,41.82769055308591,5.357060055845425,0,0,50
303,2689.5478616868604,45.447353418378995,4.017916212258298,0,0,40
218,396.79388490676286,12.15553605590346,15.866348780478624,0,0,11
352,2971.156477114468,7.988433548372478,14.44994858326073,0,0,9
97,667.7498061523041,71.07018239796236,4.470140538334171,1,0,120
315,84.75063504559392,46.65074474106216,3.2086693011088214,1,0,74
273,2992.397670207985,57.4604314651898,16.929582681247147,0,1,95
434,879.1679620630838,57.977818524129546,15.755371161737072,0,0,58
399,2020.6573849120516,31.350702266663635,7.21789010029362,0,0,35
334,571.2128268201003,50.20978852880162,13.505750756053967,1,0,77
437,1761.674169987468,49.722221058431714,3.3590435444084052,0,0,42
386,2716.90321004095,41.900586016646415,10.633905521905884,0,0,36
329,994.5344439138939,82.9641614231017,1.3558755491479775,0,1,161
166,2027.2492293308596,47.86058035032161,8.440435737509553,1,0,72
165,604.3155869553287,62.34622982806884,2.4220136079566967,1,0,99
148,1893.1464262202394,90.07441143617848,10.027796422980767,1,0,131
130,1042.528537861655,87.29219417159763,9.011951290204992,0,0,88
74,673.0643628344574,89.59010935902069,9.443315506123064,0,0,107
116,973.8870495757236,30.650474664176325,1.8612947389118872,0,0,29
156,577.581152098008,8.323336389265968,7.870710484354816,0,0,9
146,2710.6525181217544,29.801345990056276,15.373193132898413,0,0,26
420,1221.70131463553,31.47719783396732,8.009373093718782,0,0,27
171,773.5739496743837,91.38923103887197,14.588267099582033,0,0,102
437,1372.803130997002,66.67805961960721,8.020095749040932,0,0,76
461,995.5816920791618,12.761876162211731,9.041549388313543,1,0,20
109,2246.0367987493114,17.860966621054608,11.713950143756056,0,0,15
347,2915.0987400622084,19.789231926487666,19.062956799334568,0,0,18
408,1342.1992872580581,64.8900660760477,3.0683484862864483,0,0,76
316,2590.048529918109,74.8643324231653,1.6253616045623,0,0,69
150,1719.2960670008777,86.66617150371263,12.551186492390858,1,0,141
92,513.8452120279887,94.3604723265931,19.0328446896401,0,0,86
